customer_id,recency,frequency,monetary,r_score,f_score,m_score,rfm_score,segment
CUST_00001,290,5,22374.13,1,1,1,3,Lost
CUST_00002,16,11,328320.36,5,3,4,12,Loyal Customers
CUST_00003,2,9,368374.38,5,2,5,12,Loyal Customers
CUST_00004,27,10,150879.26,4,3,2,9,Potential Loyalists
CUST_00005,43,10,229107.80000000002,3,3,3,9,Potential Loyalists
CUST_00006,107,10,116080.15,2,3,2,7,Potential Loyalists
CUST_00007,10,11,111266.76000000001,5,3,2,10,Loyal Customers
CUST_00008,13,7,124654.89,5,1,2,8,Promising
CUST_00009,49,7,161222.33000000002,3,1,3,7,Potential Loyalists
CUST_00010,126,7,183419.49,1,1,3,5,Lost
CUST_00011,23,10,232540.75999999998,4,3,4,11,Loyal Customers
CUST_00012,144,12,251140.12,1,4,4,9,At Risk
CUST_00013,155,11,386853.99000000005,1,3,5,9,Potential Loyalists
CUST_00014,34,6,309981.44,4,1,4,9,Promising
CUST_00015,12,9,149743.62000000002,5,2,2,9,Promising
CUST_00016,130,13,87335.0,1,4,1,6,At Risk
CUST_00017,19,18,447367.76,4,5,5,14,Champions
CUST_00018,100,10,129369.92,2,3,2,7,Potential Loyalists
CUST_00019,162,12,383290.64,1,4,5,10,Loyal Customers
CUST_00020,9,7,254197.62,5,1,4,10,Loyal Customers
CUST_00021,193,8,542059.36,1,2,5,8,Lost
CUST_00022,48,15,372729.23,3,5,5,13,Champions
CUST_00023,53,16,530539.22,3,5,5,13,Champions
CUST_00024,47,3,17706.18,3,1,1,5,Potential Loyalists
CUST_00025,111,8,187241.21,2,2,3,7,Lost
CUST_00026,259,9,115653.94,1,2,2,5,Lost
CUST_00027,108,8,144323.73,2,2,2,6,Lost
CUST_00028,185,9,263989.73,1,2,4,7,Lost
CUST_00029,73,3,62267.869999999995,2,1,1,4,Lost
CUST_00030,118,10,267467.42000000004,2,3,4,9,Potential Loyalists
CUST_00031,77,7,233138.06999999998,2,1,4,7,Lost
CUST_00032,27,14,329406.64,4,5,4,13,Champions
CUST_00033,60,13,370966.58,3,4,5,12,Loyal Customers
CUST_00034,87,7,99496.83,2,1,2,5,Lost
CUST_00035,165,7,94231.33,1,1,1,3,Lost
CUST_00036,28,12,250005.5,4,4,4,12,Loyal Customers
CUST_00037,73,13,631643.87,2,4,5,11,Loyal Customers
CUST_00038,130,12,261382.66999999998,1,4,4,9,At Risk
CUST_00039,26,9,240123.38,4,2,4,10,Loyal Customers
CUST_00040,106,9,34102.28,2,2,1,5,Lost
CUST_00041,129,10,205392.62,1,3,3,7,Potential Loyalists
CUST_00042,147,8,472382.77,1,2,5,8,Lost
CUST_00043,51,12,177983.6,3,4,3,10,Loyal Customers
CUST_00044,103,10,193737.15,2,3,3,8,Potential Loyalists
CUST_00045,134,7,50464.939999999995,1,1,1,3,Lost
CUST_00046,14,12,394968.41000000003,5,4,5,14,Champions
CUST_00047,13,15,116257.96,5,5,2,12,Loyal Customers
CUST_00048,33,11,92438.33,4,3,1,8,Potential Loyalists
CUST_00049,100,6,46507.95,2,1,1,4,Lost
CUST_00050,72,6,26824.75,2,1,1,4,Lost
CUST_00051,73,15,424587.55,2,5,5,12,Loyal Customers
CUST_00052,23,14,449372.52999999997,4,5,5,14,Champions
CUST_00053,115,17,260415.5,2,5,4,11,Loyal Customers
CUST_00054,47,9,437308.43,3,2,5,10,Loyal Customers
CUST_00055,19,14,429937.68000000005,4,5,5,14,Champions
CUST_00056,108,4,27803.809999999998,2,1,1,4,Lost
CUST_00057,32,12,291714.29,4,4,4,12,Loyal Customers
CUST_00058,27,10,172496.16,4,3,3,10,Loyal Customers
CUST_00059,89,19,475535.75,2,5,5,12,Loyal Customers
CUST_00060,76,7,46459.98,2,1,1,4,Lost
CUST_00061,91,8,167903.83000000002,2,2,3,7,Lost
CUST_00062,61,7,117711.17000000001,3,1,2,6,Potential Loyalists
CUST_00063,74,8,167462.59,2,2,3,7,Lost
CUST_00064,205,6,96794.3,1,1,1,3,Lost
CUST_00065,161,10,460663.58999999997,1,3,5,9,Potential Loyalists
CUST_00066,243,7,167419.41999999998,1,1,3,5,Lost
CUST_00067,132,9,235986.79,1,2,4,7,Lost
CUST_00068,90,10,209066.97,2,3,3,8,Potential Loyalists
CUST_00069,87,9,96341.78,2,2,1,5,Lost
CUST_00070,111,12,279390.75,2,4,4,10,Loyal Customers
CUST_00071,32,9,98114.91,4,2,1,7,Promising
CUST_00072,7,13,320790.44,5,4,4,13,Champions
CUST_00073,46,8,53720.69,3,2,1,6,Potential Loyalists
CUST_00074,92,8,127174.07,2,2,2,6,Lost
CUST_00075,3,6,118188.6,5,1,2,8,Promising
CUST_00076,30,13,291681.92,4,4,4,12,Loyal Customers
CUST_00077,42,7,285733.29,3,1,4,8,Potential Loyalists
CUST_00078,275,8,111287.34,1,2,2,5,Lost
CUST_00079,4,11,217962.61000000002,5,3,3,11,Loyal Customers
CUST_00080,142,15,600096.36,1,5,5,11,Loyal Customers
CUST_00081,28,12,244368.13,4,4,4,12,Loyal Customers
CUST_00082,163,6,73853.61,1,1,1,3,Lost
CUST_00083,91,7,115427.76999999999,2,1,2,5,Lost
CUST_00084,114,8,47276.340000000004,2,2,1,5,Lost
CUST_00085,82,18,431761.18,2,5,5,12,Loyal Customers
CUST_00086,4,11,249595.85,5,3,4,12,Loyal Customers
CUST_00087,55,10,655320.72,3,3,5,11,Loyal Customers
CUST_00088,195,11,267736.86,1,3,4,8,Potential Loyalists
CUST_00089,20,18,266188.08999999997,4,5,4,13,Champions
CUST_00090,71,9,48367.26,2,2,1,5,Lost
CUST_00091,46,11,435337.85,3,3,5,11,Loyal Customers
CUST_00092,7,11,128835.25,5,3,2,10,Loyal Customers
CUST_00093,7,12,248224.02000000002,5,4,4,13,Champions
CUST_00094,92,10,316896.29,2,3,4,9,Potential Loyalists
CUST_00095,81,15,548111.82,2,5,5,12,Loyal Customers
CUST_00096,109,7,24253.39,2,1,1,4,Lost
CUST_00097,36,18,372203.91,4,5,5,14,Champions
CUST_00098,109,9,171830.78,2,2,3,7,Lost
CUST_00099,240,7,41609.99,1,1,1,3,Lost
CUST_00100,38,5,116504.89,4,1,2,7,Promising
CUST_00101,13,14,245006.1,5,5,4,14,Champions
CUST_00102,9,13,494558.2,5,4,5,14,Champions
CUST_00103,195,8,184363.17,1,2,3,6,Lost
CUST_00104,6,8,86235.14,5,2,1,8,Promising
CUST_00105,40,8,241624.63999999998,3,2,4,9,Potential Loyalists
CUST_00106,12,9,155436.31,5,2,2,9,Promising
CUST_00107,35,10,285925.32,4,3,4,11,Loyal Customers
CUST_00108,116,12,223897.72,2,4,3,9,At Risk
CUST_00109,14,15,115742.39,5,5,2,12,Loyal Customers
CUST_00110,2,10,261829.18,5,3,4,12,Loyal Customers
CUST_00111,85,6,14767.98,2,1,1,4,Lost
CUST_00112,160,6,98142.43000000001,1,1,1,3,Lost
CUST_00113,26,9,192296.59,4,2,3,9,Promising
CUST_00114,30,7,377579.95,4,1,5,10,Loyal Customers
CUST_00115,133,9,353356.78,1,2,5,8,Lost
CUST_00116,20,14,420174.72,4,5,5,14,Champions
CUST_00117,46,7,124741.87,3,1,2,6,Potential Loyalists
CUST_00118,9,11,67918.47,5,3,1,9,Potential Loyalists
CUST_00119,23,11,154746.78,4,3,2,9,Potential Loyalists
CUST_00120,39,9,153874.0,3,2,2,7,Potential Loyalists
CUST_00121,176,10,326829.62,1,3,4,8,Potential Loyalists
CUST_00122,10,8,109877.52,5,2,2,9,Promising
CUST_00123,49,9,144554.34,3,2,2,7,Potential Loyalists
CUST_00124,204,6,55604.25,1,1,1,3,Lost
CUST_00125,2,13,189164.31,5,4,3,12,Loyal Customers
CUST_00126,430,7,255766.71999999997,1,1,4,6,Lost
CUST_00127,103,12,246071.07,2,4,4,10,Loyal Customers
CUST_00128,31,9,195497.37,4,2,3,9,Promising
CUST_00129,29,16,674088.14,4,5,5,14,Champions
CUST_00130,19,9,195303.08000000002,4,2,3,9,Promising
CUST_00131,118,7,217558.08,2,1,3,6,Lost
CUST_00132,95,11,143022.35,2,3,2,7,Potential Loyalists
CUST_00133,36,12,545085.1699999999,4,4,5,13,Champions
CUST_00134,35,7,157657.8,4,1,2,7,Promising
CUST_00135,66,12,214118.54,3,4,3,10,Loyal Customers
CUST_00136,72,11,358138.67,2,3,5,10,Loyal Customers
CUST_00137,38,5,131859.53,4,1,2,7,Promising
CUST_00138,17,7,30639.82,5,1,1,7,Promising
CUST_00139,100,7,122172.38,2,1,2,5,Lost
CUST_00140,18,12,91165.44,4,4,1,9,Potential Loyalists
CUST_00141,14,12,168965.38999999998,5,4,3,12,Loyal Customers
CUST_00142,325,4,60682.16,1,1,1,3,Lost
CUST_00143,151,10,174152.65,1,3,3,7,Potential Loyalists
CUST_00144,123,7,367041.93000000005,1,1,5,7,Lost
CUST_00145,88,10,539635.73,2,3,5,10,Loyal Customers
CUST_00146,50,7,226191.45,3,1,3,7,Potential Loyalists
CUST_00147,68,11,256914.22,2,3,4,9,Potential Loyalists
CUST_00148,13,11,474909.63,5,3,5,13,Champions
CUST_00149,43,14,87334.75,3,5,1,9,Potential Loyalists
CUST_00150,48,10,123105.31,3,3,2,8,Potential Loyalists
CUST_00151,5,6,101903.14,5,1,2,8,Promising
CUST_00152,95,6,314075.38,2,1,4,7,Lost
CUST_00153,86,9,327808.62,2,2,4,8,Lost
CUST_00154,1,12,343381.51,5,4,5,14,Champions
CUST_00155,62,12,339715.04,3,4,5,12,Loyal Customers
CUST_00156,109,13,353070.51,2,4,5,11,Loyal Customers
CUST_00157,248,8,180702.52,1,2,3,6,Lost
CUST_00158,54,5,75031.84999999999,3,1,1,5,Potential Loyalists
CUST_00159,42,6,45516.020000000004,3,1,1,5,Potential Loyalists
CUST_00160,21,8,328582.08999999997,4,2,4,10,Loyal Customers
CUST_00161,146,7,284531.42,1,1,4,6,Lost
CUST_00162,144,10,100085.16,1,3,2,6,Potential Loyalists
CUST_00163,66,10,316354.47,3,3,4,10,Loyal Customers
CUST_00164,28,10,146860.0,4,3,2,9,Potential Loyalists
CUST_00165,14,9,101439.39,5,2,2,9,Promising
CUST_00166,132,9,190074.54,1,2,3,6,Lost
CUST_00167,26,11,239032.5,4,3,4,11,Loyal Customers
CUST_00168,18,7,35992.02,4,1,1,6,Promising
CUST_00169,54,6,11489.279999999999,3,1,1,5,Potential Loyalists
CUST_00170,89,8,53461.52,2,2,1,5,Lost
CUST_00171,51,10,197779.01,3,3,3,9,Potential Loyalists
CUST_00172,26,9,100589.1,4,2,2,8,Promising
CUST_00173,41,10,531155.21,3,3,5,11,Loyal Customers
CUST_00174,109,7,162548.34,2,1,3,6,Lost
CUST_00175,41,13,265365.62,3,4,4,11,Loyal Customers
CUST_00176,185,10,220102.33,1,3,3,7,Potential Loyalists
CUST_00177,25,10,181981.66999999998,4,3,3,10,Loyal Customers
CUST_00178,82,13,127049.25,2,4,2,8,At Risk
CUST_00179,315,7,107545.11,1,1,2,4,Lost
CUST_00180,28,9,384103.32,4,2,5,11,Loyal Customers
CUST_00181,16,8,255977.57,5,2,4,11,Loyal Customers
CUST_00182,182,7,60500.909999999996,1,1,1,3,Lost
CUST_00183,20,8,118163.75,4,2,2,8,Promising
CUST_00184,196,8,337339.67,1,2,5,8,Lost
CUST_00185,22,9,235152.7,4,2,4,10,Loyal Customers
CUST_00186,117,10,224523.58,2,3,3,8,Potential Loyalists
CUST_00187,149,8,465518.49,1,2,5,8,Lost
CUST_00188,38,18,514571.5,4,5,5,14,Champions
CUST_00189,9,6,57399.84,5,1,1,7,Promising
CUST_00190,137,17,480791.44,1,5,5,11,Loyal Customers
CUST_00191,21,11,385110.08,4,3,5,12,Loyal Customers
CUST_00192,66,6,160643.78,3,1,3,7,Potential Loyalists
CUST_00193,45,7,32987.869999999995,3,1,1,5,Potential Loyalists
CUST_00194,14,7,102278.6,5,1,2,8,Promising
CUST_00195,57,10,414504.31,3,3,5,11,Loyal Customers
CUST_00196,31,9,217018.40000000002,4,2,3,9,Promising
CUST_00197,152,8,54847.18,1,2,1,4,Lost
CUST_00198,58,8,173366.62,3,2,3,8,Potential Loyalists
CUST_00199,244,9,166233.65,1,2,3,6,Lost
CUST_00200,63,7,102625.0,3,1,2,6,Potential Loyalists
CUST_00201,63,18,351819.69,3,5,5,13,Champions
CUST_00202,6,10,208595.73,5,3,3,11,Loyal Customers
CUST_00203,17,8,146839.76,5,2,2,9,Promising
CUST_00204,10,12,307387.38,5,4,4,13,Champions
CUST_00205,162,11,112509.26000000001,1,3,2,6,Potential Loyalists
CUST_00206,96,3,6772.83,2,1,1,4,Lost
CUST_00207,58,8,57299.47,3,2,1,6,Potential Loyalists
CUST_00208,6,14,327274.09,5,5,4,14,Champions
CUST_00209,59,9,228365.86,3,2,3,8,Potential Loyalists
CUST_00210,37,13,101019.28,4,4,2,10,Loyal Customers
CUST_00211,99,12,468381.73,2,4,5,11,Loyal Customers
CUST_00212,39,12,103771.3,3,4,2,9,Potential Loyalists
CUST_00213,95,9,149301.08000000002,2,2,2,6,Lost
CUST_00214,106,8,419782.72,2,2,5,9,Lost
CUST_00215,41,17,406606.79,3,5,5,13,Champions
CUST_00216,18,13,228671.44999999998,4,4,3,11,Loyal Customers
CUST_00217,12,14,151367.86000000002,5,5,2,12,Loyal Customers
CUST_00218,329,7,64771.06,1,1,1,3,Lost
CUST_00219,9,9,148182.28,5,2,2,9,Promising
CUST_00220,56,6,268788.21,3,1,4,8,Potential Loyalists
CUST_00221,60,8,124971.88,3,2,2,7,Potential Loyalists
CUST_00222,81,11,324956.76,2,3,4,9,Potential Loyalists
CUST_00223,72,7,135874.02000000002,2,1,2,5,Lost
CUST_00224,45,9,180005.87,3,2,3,8,Potential Loyalists
CUST_00225,35,10,186118.50999999998,4,3,3,10,Loyal Customers
CUST_00226,61,12,349678.85,3,4,5,12,Loyal Customers
CUST_00227,44,9,246999.86,3,2,4,9,Potential Loyalists
CUST_00228,61,8,131966.41999999998,3,2,2,7,Potential Loyalists
CUST_00229,66,5,65589.69,3,1,1,5,Potential Loyalists
CUST_00230,97,9,92154.68,2,2,1,5,Lost
CUST_00231,18,14,459402.18,4,5,5,14,Champions
CUST_00232,2,3,6572.4,5,1,1,7,Promising
CUST_00233,25,7,281214.91000000003,4,1,4,9,Promising
CUST_00234,194,7,334565.11,1,1,5,7,Lost
CUST_00235,304,10,171081.68999999997,1,3,3,7,Potential Loyalists
CUST_00236,232,5,178666.88,1,1,3,5,Lost
CUST_00237,9,15,386923.68,5,5,5,15,Champions
CUST_00238,177,14,234737.4,1,5,4,10,Loyal Customers
CUST_00239,27,13,159936.33000000002,4,4,3,11,Loyal Customers
CUST_00240,141,8,220587.37,1,2,3,6,Lost
CUST_00241,176,13,277557.99,1,4,4,9,At Risk
CUST_00242,12,10,334775.93,5,3,5,13,Champions
CUST_00243,32,10,299257.58999999997,4,3,4,11,Loyal Customers
CUST_00244,12,10,70428.21,5,3,1,9,Potential Loyalists
CUST_00245,72,9,122433.77,2,2,2,6,Lost
CUST_00246,138,9,38969.93,1,2,1,4,Lost
CUST_00247,47,7,370717.68,3,1,5,9,Potential Loyalists
CUST_00248,97,4,57412.71,2,1,1,4,Lost
CUST_00249,53,3,44773.92,3,1,1,5,Potential Loyalists
CUST_00250,48,13,463884.2,3,4,5,12,Loyal Customers
CUST_00251,12,7,288279.07000000007,5,1,4,10,Loyal Customers
CUST_00252,345,8,202891.9,1,2,3,6,Lost
CUST_00253,31,8,57020.78,4,2,1,7,Promising
CUST_00254,56,7,71749.45999999999,3,1,1,5,Potential Loyalists
CUST_00255,91,16,231970.95,2,5,4,11,Loyal Customers
CUST_00256,56,13,171763.1,3,4,3,10,Loyal Customers
CUST_00257,16,12,491775.77,5,4,5,14,Champions
CUST_00258,46,11,167368.03999999998,3,3,3,9,Potential Loyalists
CUST_00259,110,10,170396.0,2,3,3,8,Potential Loyalists
CUST_00260,51,10,194355.27,3,3,3,9,Potential Loyalists
CUST_00261,2,7,161510.74,5,1,3,9,Promising
CUST_00262,6,12,370829.53,5,4,5,14,Champions
CUST_00263,10,14,760527.6100000001,5,5,5,15,Champions
CUST_00264,54,7,192947.33000000002,3,1,3,7,Potential Loyalists
CUST_00265,32,12,118400.02,4,4,2,10,Loyal Customers
CUST_00266,80,9,161562.38999999998,2,2,3,7,Lost
CUST_00267,121,9,251360.72,1,2,4,7,Lost
CUST_00268,13,9,366145.56,5,2,5,12,Loyal Customers
CUST_00269,248,9,134454.48,1,2,2,5,Lost
CUST_00270,49,9,125779.52,3,2,2,7,Potential Loyalists
CUST_00271,263,12,298001.3,1,4,4,9,At Risk
CUST_00272,43,12,262034.31000000003,3,4,4,11,Loyal Customers
CUST_00273,124,11,481427.11,1,3,5,9,Potential Loyalists
CUST_00274,61,15,237260.32,3,5,4,12,Loyal Customers
CUST_00275,30,15,550039.92,4,5,5,14,Champions
CUST_00276,81,12,487967.68,2,4,5,11,Loyal Customers
CUST_00277,269,9,22701.239999999998,1,2,1,4,Lost
CUST_00278,8,14,322620.31,5,5,4,14,Champions
CUST_00279,163,11,229222.88,1,3,3,7,Potential Loyalists
CUST_00280,70,6,127503.56,2,1,2,5,Lost
CUST_00281,130,5,278087.33,1,1,4,6,Lost
CUST_00282,82,11,215188.54,2,3,3,8,Potential Loyalists
CUST_00283,39,16,406647.44,3,5,5,13,Champions
CUST_00284,21,7,85297.86,4,1,1,6,Promising
CUST_00285,147,14,298476.76999999996,1,5,4,10,Loyal Customers
CUST_00286,59,10,35074.47,3,3,1,7,Potential Loyalists
CUST_00287,80,11,249357.86,2,3,4,9,Potential Loyalists
CUST_00288,24,9,233695.27,4,2,4,10,Loyal Customers
CUST_00289,81,10,143214.95,2,3,2,7,Potential Loyalists
CUST_00290,19,8,48297.91,4,2,1,7,Promising
CUST_00291,115,7,103298.98,2,1,2,5,Lost
CUST_00292,39,8,101146.45,3,2,2,7,Potential Loyalists
CUST_00293,156,10,87689.67,1,3,1,5,Potential Loyalists
CUST_00294,19,11,224952.8,4,3,3,10,Loyal Customers
CUST_00295,5,12,220712.68,5,4,3,12,Loyal Customers
CUST_00296,28,15,279007.13,4,5,4,13,Champions
CUST_00297,3,14,219657.66999999998,5,5,3,13,Champions
CUST_00298,130,9,291068.18,1,2,4,7,Lost
CUST_00299,18,10,34613.35,4,3,1,8,Potential Loyalists
CUST_00300,252,7,113461.34999999999,1,1,2,4,Lost
CUST_00301,96,8,86316.45,2,2,1,5,Lost
CUST_00302,127,7,60675.19,1,1,1,3,Lost
CUST_00303,267,12,225503.9,1,4,3,8,At Risk
CUST_00304,6,14,173056.24,5,5,3,13,Champions
CUST_00305,107,11,633052.75,2,3,5,10,Loyal Customers
CUST_00306,211,9,110575.78,1,2,2,5,Lost
CUST_00307,4,9,153269.26,5,2,2,9,Promising
CUST_00308,54,14,136791.45,3,5,2,10,Loyal Customers
CUST_00309,77,7,203753.59,2,1,3,6,Lost
CUST_00310,6,14,342876.37,5,5,5,15,Champions
CUST_00311,242,5,38859.51,1,1,1,3,Lost
CUST_00312,3,15,321920.71,5,5,4,14,Champions
CUST_00313,30,7,76506.18,4,1,1,6,Promising
CUST_00314,34,7,179323.61,4,1,3,8,Promising
CUST_00315,192,8,126688.75,1,2,2,5,Lost
CUST_00316,174,7,129434.34,1,1,2,4,Lost
CUST_00317,100,11,120448.02,2,3,2,7,Potential Loyalists
CUST_00318,13,6,39610.44,5,1,1,7,Promising
CUST_00319,35,8,155608.9,4,2,2,8,Promising
CUST_00320,85,8,256622.39,2,2,4,8,Lost
CUST_00321,9,10,383750.36,5,3,5,13,Champions
CUST_00322,156,10,150509.93,1,3,2,6,Potential Loyalists
CUST_00323,50,11,516115.82,3,3,5,11,Loyal Customers
CUST_00324,4,9,353092.3,5,2,5,12,Loyal Customers
CUST_00325,10,6,143270.37,5,1,2,8,Promising
CUST_00326,105,9,53676.31,2,2,1,5,Lost
CUST_00327,17,11,196677.53,5,3,3,11,Loyal Customers
CUST_00328,173,7,133534.24,1,1,2,4,Lost
CUST_00329,184,9,151248.25,1,2,2,5,Lost
CUST_00330,78,16,326699.3,2,5,4,11,Loyal Customers
CUST_00331,112,11,220389.14,2,3,3,8,Potential Loyalists
CUST_00332,305,6,18191.55,1,1,1,3,Lost
CUST_00333,89,6,73938.68999999999,2,1,1,4,Lost
CUST_00334,62,7,142623.51,3,1,2,6,Potential Loyalists
CUST_00335,36,15,212653.23,4,5,3,12,Loyal Customers
CUST_00336,48,10,110111.15000000001,3,3,2,8,Potential Loyalists
CUST_00337,130,6,191981.36,1,1,3,5,Lost
CUST_00338,256,6,62845.009999999995,1,1,1,3,Lost
CUST_00339,117,10,97960.46,2,3,1,6,Potential Loyalists
CUST_00340,1,9,202525.91,5,2,3,10,Loyal Customers
CUST_00341,205,6,29850.239999999998,1,1,1,3,Lost
CUST_00342,112,9,173428.80000000002,2,2,3,7,Lost
CUST_00343,108,10,216977.95,2,3,3,8,Potential Loyalists
CUST_00344,22,7,195428.27,4,1,3,8,Promising
CUST_00345,60,14,308746.15,3,5,4,12,Loyal Customers
CUST_00346,70,15,465950.96,2,5,5,12,Loyal Customers
CUST_00347,185,8,162726.31,1,2,3,6,Lost
CUST_00348,18,8,316516.63,4,2,4,10,Loyal Customers
CUST_00349,73,7,171317.22,2,1,3,6,Lost
CUST_00350,13,15,201163.33000000002,5,5,3,13,Champions
CUST_00351,27,7,142672.31,4,1,2,7,Promising
CUST_00352,59,11,538106.91,3,3,5,11,Loyal Customers
CUST_00353,27,6,135618.83,4,1,2,7,Promising
CUST_00354,31,9,234298.88,4,2,4,10,Loyal Customers
CUST_00355,63,12,230023.53,3,4,3,10,Loyal Customers
CUST_00356,4,8,137141.78,5,2,2,9,Promising
CUST_00357,11,9,230168.65,5,2,3,10,Loyal Customers
CUST_00358,283,5,21880.39,1,1,1,3,Lost
CUST_00359,7,7,67054.5,5,1,1,7,Promising
CUST_00360,18,14,730033.67,4,5,5,14,Champions
CUST_00361,144,14,352359.89,1,5,5,11,Loyal Customers
CUST_00362,154,11,75196.14,1,3,1,5,Potential Loyalists
CUST_00363,58,15,648918.74,3,5,5,13,Champions
CUST_00364,22,17,646078.54,4,5,5,14,Champions
CUST_00365,43,7,63275.26,3,1,1,5,Potential Loyalists
CUST_00366,375,7,86111.78,1,1,1,3,Lost
CUST_00367,140,7,196265.97999999998,1,1,3,5,Lost
CUST_00368,9,10,81200.88,5,3,1,9,Potential Loyalists
CUST_00369,227,5,297388.11,1,1,4,6,Lost
CUST_00370,31,15,242907.71999999997,4,5,4,13,Champions
CUST_00371,15,11,403283.14,5,3,5,13,Champions
CUST_00372,52,14,244466.19,3,5,4,12,Loyal Customers
CUST_00373,1,13,190591.41,5,4,3,12,Loyal Customers
CUST_00374,34,10,232046.44999999998,4,3,4,11,Loyal Customers
CUST_00375,271,7,37920.22,1,1,1,3,Lost
CUST_00376,96,12,501168.87,2,4,5,11,Loyal Customers
CUST_00377,35,9,136786.1,4,2,2,8,Promising
CUST_00378,64,9,194020.09,3,2,3,8,Potential Loyalists
CUST_00379,100,10,58172.83,2,3,1,6,Potential Loyalists
CUST_00380,205,6,154812.55,1,1,2,4,Lost
CUST_00381,66,9,144524.62,3,2,2,7,Potential Loyalists
CUST_00382,236,4,88391.62999999999,1,1,1,3,Lost
CUST_00383,115,6,67467.54,2,1,1,4,Lost
CUST_00384,155,4,75234.71,1,1,1,3,Lost
CUST_00385,57,11,211873.87,3,3,3,9,Potential Loyalists
CUST_00386,2,20,601959.63,5,5,5,15,Champions
CUST_00387,21,13,175052.84,4,4,3,11,Loyal Customers
CUST_00388,110,11,296201.43,2,3,4,9,Potential Loyalists
CUST_00389,6,11,287889.55,5,3,4,12,Loyal Customers
CUST_00390,29,6,72738.36,4,1,1,6,Promising
CUST_00391,101,9,34412.23,2,2,1,5,Lost
CUST_00392,14,10,101393.21,5,3,2,10,Loyal Customers
CUST_00393,65,11,240884.76,3,3,4,10,Loyal Customers
CUST_00394,91,11,173419.45,2,3,3,8,Potential Loyalists
CUST_00395,56,5,34179.869999999995,3,1,1,5,Potential Loyalists
CUST_00396,222,8,241450.03,1,2,4,7,Lost
CUST_00397,34,6,110264.18,4,1,2,7,Promising
CUST_00398,18,16,517513.23,4,5,5,14,Champions
CUST_00399,82,10,179653.48,2,3,3,8,Potential Loyalists
CUST_00400,149,6,71052.02,1,1,1,3,Lost
CUST_00401,45,7,292149.6,3,1,4,8,Potential Loyalists
CUST_00402,38,8,251640.72,4,2,4,10,Loyal Customers
CUST_00403,10,13,238240.23,5,4,4,13,Champions
CUST_00404,62,6,58172.98,3,1,1,5,Potential Loyalists
CUST_00405,23,13,337442.56,4,4,5,13,Champions
CUST_00406,349,5,134525.63,1,1,2,4,Lost
CUST_00407,26,8,54858.61,4,2,1,7,Promising
CUST_00408,193,12,198638.97,1,4,3,8,At Risk
CUST_00409,13,12,434542.9,5,4,5,14,Champions
CUST_00410,45,8,173763.48,3,2,3,8,Potential Loyalists
CUST_00411,132,11,364076.24,1,3,5,9,Potential Loyalists
CUST_00412,70,11,147323.33000000002,2,3,2,7,Potential Loyalists
CUST_00413,104,14,289207.37,2,5,4,11,Loyal Customers
CUST_00414,75,10,117982.34999999999,2,3,2,7,Potential Loyalists
CUST_00415,63,10,249145.07,3,3,4,10,Loyal Customers
CUST_00416,82,6,24118.83,2,1,1,4,Lost
CUST_00417,88,13,162424.63,2,4,3,9,At Risk
CUST_00418,135,7,152634.14,1,1,2,4,Lost
CUST_00419,89,14,400740.82,2,5,5,12,Loyal Customers
CUST_00420,2,11,96803.98000000001,5,3,1,9,Potential Loyalists
CUST_00421,107,9,157892.84,2,2,2,6,Lost
CUST_00422,63,8,74025.82,3,2,1,6,Potential Loyalists
CUST_00423,23,16,200251.26,4,5,3,12,Loyal Customers
CUST_00424,105,15,365138.38,2,5,5,12,Loyal Customers
CUST_00425,35,13,166753.86,4,5,3,12,Loyal Customers
CUST_00426,19,7,423151.91000000003,4,1,5,10,Loyal Customers
CUST_00427,36,11,78247.14,4,3,1,8,Potential Loyalists
CUST_00428,64,11,155651.37999999998,3,3,2,8,Potential Loyalists
CUST_00429,2,7,72128.12,5,1,1,7,Promising
CUST_00430,80,5,314868.94,2,1,4,7,Lost
CUST_00431,54,8,98849.53,3,2,1,6,Potential Loyalists
CUST_00432,13,12,413999.07,5,4,5,14,Champions
CUST_00433,58,12,408996.8,3,4,5,12,Loyal Customers
CUST_00434,161,6,91742.75,1,1,1,3,Lost
CUST_00435,11,12,173931.65000000002,5,4,3,12,Loyal Customers
CUST_00436,180,9,131401.51,1,2,2,5,Lost
CUST_00437,76,7,284706.67,2,1,4,7,Lost
CUST_00438,257,8,479885.44,1,2,5,8,Lost
CUST_00439,53,10,357807.78,3,3,5,11,Loyal Customers
CUST_00440,5,11,339250.91,5,3,5,13,Champions
CUST_00441,257,13,521679.27999999997,1,5,5,11,Loyal Customers
CUST_00442,313,6,31702.38,1,1,1,3,Lost
CUST_00443,27,14,149825.25,4,5,2,11,Loyal Customers
CUST_00444,87,16,387264.79,2,5,5,12,Loyal Customers
CUST_00445,17,5,209423.6,5,1,3,9,Promising
CUST_00446,22,7,62966.26000000001,4,1,1,6,Promising
CUST_00447,92,9,97025.38,2,2,1,5,Lost
CUST_00448,23,17,442433.19999999995,4,5,5,14,Champions
CUST_00449,23,13,338508.57999999996,4,5,5,14,Champions
CUST_00450,10,13,549615.1799999999,5,5,5,15,Champions
CUST_00451,36,8,358696.03,4,2,5,11,Loyal Customers
CUST_00452,8,9,319551.7,5,2,4,11,Loyal Customers
CUST_00453,62,7,190609.31,3,1,3,7,Potential Loyalists
CUST_00454,130,14,231637.91,1,5,4,10,Loyal Customers
CUST_00455,9,5,69581.23,5,1,1,7,Promising
CUST_00456,6,11,397681.04,5,3,5,13,Champions
CUST_00457,32,9,471176.32,4,2,5,11,Loyal Customers
CUST_00458,53,8,50926.71,3,2,1,6,Potential Loyalists
CUST_00459,117,16,548335.62,2,5,5,12,Loyal Customers
CUST_00460,63,18,741323.24,3,5,5,13,Champions
CUST_00461,16,8,259326.57,5,2,4,11,Loyal Customers
CUST_00462,3,11,537470.63,5,3,5,13,Champions
CUST_00463,82,12,136787.75999999998,2,4,2,8,At Risk
CUST_00464,394,4,151547.47,1,1,2,4,Lost
CUST_00465,5,13,427962.89,5,5,5,15,Champions
CUST_00466,3,16,304549.59,5,5,4,14,Champions
CUST_00467,114,8,37328.630000000005,2,2,1,5,Lost
CUST_00468,64,11,360833.72,3,3,5,11,Loyal Customers
CUST_00469,113,11,102638.59999999999,2,3,2,7,Potential Loyalists
CUST_00470,1,11,144355.62,5,3,2,10,Loyal Customers
CUST_00471,98,6,79876.92,2,1,1,4,Lost
CUST_00472,1,10,315059.42,5,3,4,12,Loyal Customers
CUST_00473,71,10,158300.97,2,3,2,7,Potential Loyalists
CUST_00474,6,6,100823.7,5,1,2,8,Promising
CUST_00475,32,9,330234.56,4,2,4,10,Loyal Customers
CUST_00476,118,6,56375.759999999995,2,1,1,4,Lost
CUST_00477,16,8,219040.31,5,2,3,10,Loyal Customers
CUST_00478,13,10,265953.87,5,3,4,12,Loyal Customers
CUST_00479,84,7,120866.28,2,1,2,5,Lost
CUST_00480,8,13,362137.48,5,5,5,15,Champions
CUST_00481,153,6,61443.600000000006,1,1,1,3,Lost
CUST_00482,164,12,132215.09,1,4,2,7,At Risk
CUST_00483,57,13,463053.5,3,5,5,13,Champions
CUST_00484,53,8,68618.26,3,2,1,6,Potential Loyalists
CUST_00485,36,5,71130.34999999999,4,1,1,6,Promising
CUST_00486,20,9,72492.66,4,2,1,7,Promising
CUST_00487,30,12,137297.62,4,4,2,10,Loyal Customers
CUST_00488,23,11,196570.81,4,3,3,10,Loyal Customers
CUST_00489,32,15,98887.88,4,5,1,10,Loyal Customers
CUST_00490,141,9,188328.31,1,2,3,6,Lost
CUST_00491,119,13,284888.75,2,5,4,11,Loyal Customers
CUST_00492,49,7,37338.450000000004,3,1,1,5,Potential Loyalists
CUST_00493,7,11,425107.14,5,3,5,13,Champions
CUST_00494,95,12,139360.37,2,4,2,8,At Risk
CUST_00495,9,17,466172.01,5,5,5,15,Champions
CUST_00496,98,9,257714.17999999996,2,2,4,8,Lost
CUST_00497,141,9,108592.5,1,2,2,5,Lost
CUST_00498,2,15,270701.82,5,5,4,14,Champions
CUST_00499,155,11,84366.98,1,3,1,5,Potential Loyalists
CUST_00500,27,13,275126.66000000003,4,5,4,13,Champions
CUST_00501,318,4,119946.98999999999,1,1,2,4,Lost
CUST_00502,32,9,280808.16000000003,4,2,4,10,Loyal Customers
CUST_00503,16,11,203548.21,5,3,3,11,Loyal Customers
CUST_00504,86,10,79812.99,2,3,1,6,Potential Loyalists
CUST_00505,132,8,190180.47999999998,1,2,3,6,Lost
CUST_00506,132,8,209186.69,1,2,3,6,Lost
CUST_00507,35,11,204716.15999999997,4,3,3,10,Loyal Customers
CUST_00508,5,17,379169.22,5,5,5,15,Champions
CUST_00509,48,10,215519.5,3,3,3,9,Potential Loyalists
CUST_00510,321,12,323519.16,1,4,4,9,At Risk
CUST_00511,19,7,226038.21,4,1,3,8,Promising
CUST_00512,146,10,257817.25,1,3,4,8,Potential Loyalists
CUST_00513,109,11,252260.58,2,3,4,9,Potential Loyalists
CUST_00514,34,11,368071.92,4,3,5,12,Loyal Customers
CUST_00515,57,12,165716.0,3,4,3,10,Loyal Customers
CUST_00516,4,6,183100.53,5,1,3,9,Promising
CUST_00517,70,15,231975.28999999998,2,5,4,11,Loyal Customers
CUST_00518,12,13,264971.99,5,5,4,14,Champions
CUST_00519,22,14,277808.39,4,5,4,13,Champions
CUST_00520,145,7,100432.34000000001,1,1,2,4,Lost
CUST_00521,95,15,96596.93,2,5,1,8,At Risk
CUST_00522,86,11,113550.17,2,3,2,7,Potential Loyalists
CUST_00523,5,4,24615.51,5,1,1,7,Promising
CUST_00524,119,14,290025.71,2,5,4,11,Loyal Customers
CUST_00525,15,10,268947.88,5,3,4,12,Loyal Customers
CUST_00526,57,9,218067.88,3,2,3,8,Potential Loyalists
CUST_00527,21,16,400932.91000000003,4,5,5,14,Champions
CUST_00528,8,13,462446.37,5,5,5,15,Champions
CUST_00529,35,15,408744.31,4,5,5,14,Champions
CUST_00530,515,1,2621.5,1,1,1,3,Lost
CUST_00531,193,10,244287.46,1,3,4,8,Potential Loyalists
CUST_00532,21,14,257768.15,4,5,4,13,Champions
CUST_00533,63,9,227428.3,3,2,3,8,Potential Loyalists
CUST_00534,40,11,198102.11,3,3,3,9,Potential Loyalists
CUST_00535,83,9,87483.07,2,2,1,5,Lost
CUST_00536,128,7,227976.21000000002,1,1,3,5,Lost
CUST_00537,42,10,109040.88,3,3,2,8,Potential Loyalists
CUST_00538,150,9,318129.55,1,2,4,7,Lost
CUST_00539,34,8,112901.04,4,2,2,8,Promising
CUST_00540,57,9,79409.03,3,2,1,6,Potential Loyalists
CUST_00541,183,12,94894.31999999999,1,4,1,6,At Risk
CUST_00542,3,7,81167.43000000001,5,1,1,7,Promising
CUST_00543,52,11,103117.79,3,3,2,8,Potential Loyalists
CUST_00544,118,5,62236.34,2,1,1,4,Lost
CUST_00545,58,6,37024.08,3,1,1,5,Potential Loyalists
CUST_00546,108,13,58119.189999999995,2,5,1,8,At Risk
CUST_00547,55,11,115616.82,3,3,2,8,Potential Loyalists
CUST_00548,47,10,480801.53,3,3,5,11,Loyal Customers
CUST_00549,32,11,182082.63,4,3,3,10,Loyal Customers
CUST_00550,37,10,131632.06,4,3,2,9,Potential Loyalists
CUST_00551,39,18,350919.10000000003,3,5,5,13,Champions
CUST_00552,37,11,245615.03,4,3,4,11,Loyal Customers
CUST_00553,32,12,236218.53999999998,4,4,4,12,Loyal Customers
CUST_00554,75,10,133893.9,2,3,2,7,Potential Loyalists
CUST_00555,142,10,178431.36,1,3,3,7,Potential Loyalists
CUST_00556,60,10,126299.29000000001,3,3,2,8,Potential Loyalists
CUST_00557,118,9,115004.46,2,2,2,6,Lost
CUST_00558,14,7,172041.57,5,1,3,9,Promising
CUST_00559,12,8,150518.58,5,2,2,9,Promising
CUST_00560,30,9,225744.88,4,2,3,9,Promising
CUST_00561,80,15,459132.75,2,5,5,12,Loyal Customers
CUST_00562,90,10,130721.98,2,3,2,7,Potential Loyalists
CUST_00563,100,12,262935.88,2,4,4,10,Loyal Customers
CUST_00564,12,10,329222.83,5,3,4,12,Loyal Customers
CUST_00565,5,12,327658.93,5,4,4,13,Champions
CUST_00566,183,6,59810.0,1,1,1,3,Lost
CUST_00567,6,9,111093.26999999999,5,2,2,9,Promising
CUST_00568,43,13,340180.51,3,5,5,13,Champions
CUST_00569,249,8,151541.41,1,2,2,5,Lost
CUST_00570,34,6,71082.72,4,1,1,6,Promising
CUST_00571,160,8,30236.15,1,2,1,4,Lost
CUST_00572,268,12,360485.22000000003,1,4,5,10,Loyal Customers
CUST_00573,17,9,555086.58,5,2,5,12,Loyal Customers
CUST_00574,17,10,352343.24,5,3,5,13,Champions
CUST_00575,5,11,144148.63,5,3,2,10,Loyal Customers
CUST_00576,169,6,153208.82,1,1,2,4,Lost
CUST_00577,186,8,209688.23,1,2,3,6,Lost
CUST_00578,10,7,30053.21,5,1,1,7,Promising
CUST_00579,86,9,164316.09,2,2,3,7,Lost
CUST_00580,62,12,599431.14,3,4,5,12,Loyal Customers
CUST_00581,105,15,259407.15,2,5,4,11,Loyal Customers
CUST_00582,44,12,98100.3,3,4,1,8,Potential Loyalists
CUST_00583,93,4,24524.149999999998,2,1,1,4,Lost
CUST_00584,49,13,343482.61,3,5,5,13,Champions
CUST_00585,28,12,164680.85,4,4,3,11,Loyal Customers
CUST_00586,41,15,573409.79,3,5,5,13,Champions
CUST_00587,69,9,149521.71,2,2,2,6,Lost
CUST_00588,75,9,417791.02999999997,2,2,5,9,Lost
CUST_00589,58,11,239723.02000000002,3,3,4,10,Loyal Customers
CUST_00590,245,10,145125.63,1,3,2,6,Potential Loyalists
CUST_00591,18,7,141283.64,4,1,2,7,Promising
CUST_00592,30,9,439936.06,4,2,5,11,Loyal Customers
CUST_00593,115,8,128625.37,2,2,2,6,Lost
CUST_00594,14,5,204150.43,5,1,3,9,Promising
CUST_00595,58,8,121129.11,3,2,2,7,Potential Loyalists
CUST_00596,28,14,268791.25,4,5,4,13,Champions
CUST_00597,134,13,536947.61,1,5,5,11,Loyal Customers
CUST_00598,4,17,454667.92,5,5,5,15,Champions
CUST_00599,25,9,176829.27,4,2,3,9,Promising
CUST_00600,285,10,292915.18,1,3,4,8,Potential Loyalists
CUST_00601,140,8,66544.81,1,2,1,4,Lost
CUST_00602,47,7,24211.9,3,1,1,5,Potential Loyalists
CUST_00603,17,10,117800.70999999999,5,3,2,10,Loyal Customers
CUST_00604,68,10,226497.06,2,3,3,8,Potential Loyalists
CUST_00605,144,11,424863.34,1,3,5,9,Potential Loyalists
CUST_00606,26,8,344670.55,4,2,5,11,Loyal Customers
CUST_00607,68,11,67231.48,2,3,1,6,Potential Loyalists
CUST_00608,45,12,387632.89,3,4,5,12,Loyal Customers
CUST_00609,3,18,367944.27,5,5,5,15,Champions
CUST_00610,42,17,407909.51,3,5,5,13,Champions
CUST_00611,30,9,51698.79,4,2,1,7,Promising
CUST_00612,23,8,99028.3,4,2,1,7,Promising
CUST_00613,86,10,109022.0,2,3,2,7,Potential Loyalists
CUST_00614,5,13,445923.25,5,5,5,15,Champions
CUST_00615,134,8,237238.99,1,2,4,7,Lost
CUST_00616,107,12,505913.45,2,4,5,11,Loyal Customers
CUST_00617,12,7,340185.64999999997,5,1,5,11,Loyal Customers
CUST_00618,8,14,108422.04999999999,5,5,2,12,Loyal Customers
CUST_00619,13,9,561449.99,5,2,5,12,Loyal Customers
CUST_00620,60,8,206724.9,3,2,3,8,Potential Loyalists
CUST_00621,9,10,198251.93,5,3,3,11,Loyal Customers
CUST_00622,27,9,87517.3,4,2,1,7,Promising
CUST_00623,124,10,199999.72,1,3,3,7,Potential Loyalists
CUST_00624,34,5,86260.93,4,1,1,6,Promising
CUST_00625,174,6,64370.009999999995,1,1,1,3,Lost
CUST_00626,124,18,584751.71,1,5,5,11,Loyal Customers
CUST_00627,310,6,109661.07,1,1,2,4,Lost
CUST_00628,68,7,63877.16,2,1,1,4,Lost
CUST_00629,33,12,158450.79,4,4,2,10,Loyal Customers
CUST_00630,42,11,92729.9,3,3,1,7,Potential Loyalists
CUST_00631,47,11,232387.93,3,4,4,11,Loyal Customers
CUST_00632,185,10,242103.67999999996,1,3,4,8,Potential Loyalists
CUST_00633,18,8,62490.33,4,2,1,7,Promising
CUST_00634,167,11,387512.94,1,4,5,10,Loyal Customers
CUST_00635,9,7,121262.71,5,1,2,8,Promising
CUST_00636,43,12,208850.85,3,4,3,10,Loyal Customers
CUST_00637,217,6,111792.35,1,1,2,4,Lost
CUST_00638,10,11,63379.94,5,4,1,10,Loyal Customers
CUST_00639,102,11,284149.2,2,4,4,10,Loyal Customers
CUST_00640,30,10,306113.26,4,3,4,11,Loyal Customers
CUST_00641,3,14,401383.08,5,5,5,15,Champions
CUST_00642,147,6,130597.53,1,1,2,4,Lost
CUST_00643,35,16,191798.36000000002,4,5,3,12,Loyal Customers
CUST_00644,67,13,208016.84999999998,3,5,3,11,Loyal Customers
CUST_00645,7,7,255935.54,5,1,4,10,Loyal Customers
CUST_00646,146,10,248018.01,1,3,4,8,Potential Loyalists
CUST_00647,100,11,108955.5,2,4,2,8,At Risk
CUST_00648,88,10,105212.14,2,3,2,7,Potential Loyalists
CUST_00649,7,7,154019.74,5,1,2,8,Promising
CUST_00650,33,14,300742.4,4,5,4,13,Champions
CUST_00651,9,15,296663.86,5,5,4,14,Champions
CUST_00652,14,11,257185.59,5,4,4,13,Champions
CUST_00653,106,16,245784.46,2,5,4,11,Loyal Customers
CUST_00654,39,10,322211.53,3,3,4,10,Loyal Customers
CUST_00655,44,10,313975.23000000004,3,3,4,10,Loyal Customers
CUST_00656,78,16,223726.56,2,5,3,10,Loyal Customers
CUST_00657,187,5,97516.96,1,1,1,3,Lost
CUST_00658,23,15,231109.46,4,5,3,12,Loyal Customers
CUST_00659,11,12,195160.53,5,4,3,12,Loyal Customers
CUST_00660,19,8,90244.09,4,2,1,7,Promising
CUST_00661,10,12,349577.39,5,4,5,14,Champions
CUST_00662,33,14,161396.09,4,5,3,12,Loyal Customers
CUST_00663,2,10,149930.04,5,3,2,10,Loyal Customers
CUST_00664,41,7,39353.26,3,1,1,5,Potential Loyalists
CUST_00665,50,11,233638.13,3,4,4,11,Loyal Customers
CUST_00666,151,7,137390.18000000002,1,1,2,4,Lost
CUST_00667,424,5,50958.62,1,1,1,3,Lost
CUST_00668,126,4,20943.170000000002,1,1,1,3,Lost
CUST_00669,7,9,76474.8,5,2,1,8,Promising
CUST_00670,313,8,192231.84,1,2,3,6,Lost
CUST_00671,7,12,77609.55,5,4,1,10,Loyal Customers
CUST_00672,148,13,247252.84,1,5,4,10,Loyal Customers
CUST_00673,85,16,727245.69,2,5,5,12,Loyal Customers
CUST_00674,82,13,375986.62,2,5,5,12,Loyal Customers
CUST_00675,125,6,56741.520000000004,1,1,1,3,Lost
CUST_00676,5,11,71517.81,5,4,1,10,Loyal Customers
CUST_00677,217,13,163333.98,1,5,3,9,At Risk
CUST_00678,34,9,61357.119999999995,4,2,1,7,Promising
CUST_00679,119,8,192047.11,2,2,3,7,Lost
CUST_00680,21,13,117518.49,4,5,2,11,Loyal Customers
CUST_00681,38,8,64530.799999999996,4,2,1,7,Promising
CUST_00682,16,9,192503.81,5,2,3,10,Loyal Customers
CUST_00683,4,13,107491.87,5,5,2,12,Loyal Customers
CUST_00684,111,8,227393.97999999998,2,2,3,7,Lost
CUST_00685,358,9,230806.15000000002,1,2,3,6,Lost
CUST_00686,13,16,194233.56,5,5,3,13,Champions
CUST_00687,93,12,280849.06,2,4,4,10,Loyal Customers
CUST_00688,48,9,278381.83,3,2,4,9,Potential Loyalists
CUST_00689,105,9,351849.95,2,2,5,9,Lost
CUST_00690,5,8,179207.0,5,2,3,10,Loyal Customers
CUST_00691,11,16,527083.59,5,5,5,15,Champions
CUST_00692,7,8,307407.2,5,2,4,11,Loyal Customers
CUST_00693,114,16,420872.09,2,5,5,12,Loyal Customers
CUST_00694,41,7,386581.53,3,1,5,9,Potential Loyalists
CUST_00695,22,10,274289.09,4,3,4,11,Loyal Customers
CUST_00696,68,8,139727.8,2,2,2,6,Lost
CUST_00697,7,10,331091.6,5,3,4,12,Loyal Customers
CUST_00698,153,8,93590.69,1,2,1,4,Lost
CUST_00699,32,7,287094.54,4,1,4,9,Promising
CUST_00700,9,16,223366.6,5,5,3,13,Champions
CUST_00701,258,3,166992.63,1,1,3,5,Lost
CUST_00702,160,8,138496.78,1,2,2,5,Lost
CUST_00703,23,11,62951.65,4,4,1,9,Potential Loyalists
CUST_00704,355,8,85133.08,1,2,1,4,Lost
CUST_00705,142,7,193005.44,1,1,3,5,Lost
CUST_00706,23,7,427229.42,4,1,5,10,Loyal Customers
CUST_00707,43,12,152768.66,3,4,2,9,Potential Loyalists
CUST_00708,38,8,233420.51,4,2,4,10,Loyal Customers
CUST_00709,95,10,70389.57,2,3,1,6,Potential Loyalists
CUST_00710,61,13,540169.96,3,5,5,13,Champions
CUST_00711,9,8,98358.53,5,2,1,8,Promising
CUST_00712,10,11,233930.23,5,4,4,13,Champions
CUST_00713,7,10,217871.42,5,3,3,11,Loyal Customers
CUST_00714,123,15,296400.69,1,5,4,10,Loyal Customers
CUST_00715,60,16,272360.33,3,5,4,12,Loyal Customers
CUST_00716,9,12,282083.07,5,4,4,13,Champions
CUST_00717,24,9,602868.36,4,2,5,11,Loyal Customers
CUST_00718,232,8,165801.17,1,2,3,6,Lost
CUST_00719,18,17,332907.78,4,5,5,14,Champions
CUST_00720,18,9,86101.67,4,2,1,7,Promising
CUST_00721,49,6,245770.49,3,1,4,8,Potential Loyalists
CUST_00722,14,8,61780.77,5,2,1,8,Promising
CUST_00723,11,12,108591.28,5,4,2,11,Loyal Customers
CUST_00724,210,5,17477.97,1,1,1,3,Lost
CUST_00725,95,11,262449.05,2,4,4,10,Loyal Customers
CUST_00726,5,12,607643.65,5,4,5,14,Champions
CUST_00727,5,9,146409.19,5,2,2,9,Promising
CUST_00728,454,4,20065.35,1,1,1,3,Lost
CUST_00729,27,12,257443.24999999997,4,4,4,12,Loyal Customers
CUST_00730,16,7,44576.36,5,1,1,7,Promising
CUST_00731,117,9,198975.62,2,2,3,7,Lost
CUST_00732,91,11,271413.68,2,4,4,10,Loyal Customers
CUST_00733,63,11,55919.04,3,4,1,8,Potential Loyalists
CUST_00734,185,9,162741.6,1,2,3,6,Lost
CUST_00735,196,10,345573.49,1,3,5,9,Potential Loyalists
CUST_00736,54,16,339735.87,3,5,5,13,Champions
CUST_00737,19,4,36425.5,4,1,1,6,Promising
CUST_00738,2,16,247742.99000000002,5,5,4,14,Champions
CUST_00739,185,13,532528.74,1,5,5,11,Loyal Customers
CUST_00740,1,8,418873.62,5,2,5,12,Loyal Customers
CUST_00741,22,12,181376.71000000002,4,4,3,11,Loyal Customers
CUST_00742,50,10,178144.55,3,3,3,9,Potential Loyalists
CUST_00743,84,8,153401.02000000002,2,2,2,6,Lost
CUST_00744,205,10,311671.58,1,3,4,8,Potential Loyalists
CUST_00745,21,17,363273.1,4,5,5,14,Champions
CUST_00746,92,7,72944.35,2,1,1,4,Lost
CUST_00747,22,17,546091.16,4,5,5,14,Champions
CUST_00748,10,9,200187.03999999998,5,2,3,10,Loyal Customers
CUST_00749,28,7,45390.15,4,1,1,6,Promising
CUST_00750,126,5,29784.480000000003,1,1,1,3,Lost
CUST_00751,52,6,20462.66,3,1,1,5,Potential Loyalists
CUST_00752,46,4,291863.16000000003,3,1,4,8,Potential Loyalists
CUST_00753,18,6,49177.59,4,1,1,6,Promising
CUST_00754,103,6,30545.260000000002,2,1,1,4,Lost
CUST_00755,194,6,98080.95999999999,1,1,1,3,Lost
CUST_00756,85,9,291916.48,2,2,4,8,Lost
CUST_00757,112,5,307670.41000000003,2,1,4,7,Lost
CUST_00758,52,13,277732.6,3,5,4,12,Loyal Customers
CUST_00759,149,8,135444.12,1,2,2,5,Lost
CUST_00760,37,8,128925.56,4,2,2,8,Promising
CUST_00761,67,13,291424.59,3,5,4,12,Loyal Customers
CUST_00762,30,16,171023.95,4,5,3,12,Loyal Customers
CUST_00763,32,7,137715.5,4,1,2,7,Promising
CUST_00764,237,12,263261.5,1,4,4,9,At Risk
CUST_00765,10,11,480843.47000000003,5,4,5,14,Champions
CUST_00766,25,7,190127.64,4,1,3,8,Promising
CUST_00767,153,10,70903.89,1,3,1,5,Potential Loyalists
CUST_00768,210,2,4943.44,1,1,1,3,Lost
CUST_00769,20,11,132660.44,4,4,2,10,Loyal Customers
CUST_00770,83,13,344964.27,2,5,5,12,Loyal Customers
CUST_00771,10,10,295720.58,5,3,4,12,Loyal Customers
CUST_00772,205,5,150440.16,1,1,2,4,Lost
CUST_00773,217,11,611425.98,1,4,5,10,Loyal Customers
CUST_00774,4,6,332673.45,5,1,5,11,Loyal Customers
CUST_00775,39,10,103898.70999999999,3,3,2,8,Potential Loyalists
CUST_00776,18,15,223861.56,4,5,3,12,Loyal Customers
CUST_00777,115,10,53268.32,2,3,1,6,Potential Loyalists
CUST_00778,61,12,328663.67,3,4,4,11,Loyal Customers
CUST_00779,172,11,114825.53,1,4,2,7,At Risk
CUST_00780,2,12,238307.94,5,4,4,13,Champions
CUST_00781,11,8,167355.0,5,2,3,10,Loyal Customers
CUST_00782,5,8,199735.99,5,2,3,10,Loyal Customers
CUST_00783,97,9,91234.41,2,2,1,5,Lost
CUST_00784,5,11,391844.58,5,4,5,14,Champions
CUST_00785,15,12,444267.23,5,4,5,14,Champions
CUST_00786,27,14,421447.31,4,5,5,14,Champions
CUST_00787,3,12,405864.95,5,4,5,14,Champions
CUST_00788,77,8,222790.93,2,2,3,7,Lost
CUST_00789,24,11,159507.12,4,4,3,11,Loyal Customers
CUST_00790,59,9,145708.32,3,2,2,7,Potential Loyalists
CUST_00791,16,13,244294.43,5,5,4,14,Champions
CUST_00792,10,12,394983.22,5,4,5,14,Champions
CUST_00793,32,8,401033.61,4,2,5,11,Loyal Customers
CUST_00794,96,13,709640.34,2,5,5,12,Loyal Customers
CUST_00795,45,11,46436.49,3,4,1,8,Potential Loyalists
CUST_00796,34,13,300454.07,4,5,4,13,Champions
CUST_00797,5,13,320472.53,5,5,4,14,Champions
CUST_00798,20,15,275591.74,4,5,4,13,Champions
CUST_00799,88,13,208812.76,2,5,3,10,Loyal Customers
CUST_00800,95,13,212973.86,2,5,3,10,Loyal Customers
CUST_00801,16,13,461826.27999999997,5,5,5,15,Champions
CUST_00802,88,11,135699.82,2,4,2,8,At Risk
CUST_00803,184,10,166839.8,1,3,3,7,Potential Loyalists
CUST_00804,119,6,320525.07,2,1,4,7,Lost
CUST_00805,88,12,145548.58000000002,2,4,2,8,At Risk
CUST_00806,38,13,389310.93,4,5,5,14,Champions
CUST_00807,87,11,108062.54,2,4,2,8,At Risk
CUST_00808,40,12,167237.42,3,4,3,10,Loyal Customers
CUST_00809,121,11,59934.0,1,4,1,6,At Risk
CUST_00810,64,8,75704.44,3,2,1,6,Potential Loyalists
CUST_00811,128,8,193075.66,1,2,3,6,Lost
CUST_00812,1,14,149367.4,5,5,2,12,Loyal Customers
CUST_00813,41,8,105079.31,3,2,2,7,Potential Loyalists
CUST_00814,24,9,133671.62,4,2,2,8,Promising
CUST_00815,13,18,769380.75,5,5,5,15,Champions
CUST_00816,89,10,250588.92,2,3,4,9,Potential Loyalists
CUST_00817,36,11,143993.58000000002,4,4,2,10,Loyal Customers
CUST_00818,196,12,116075.95999999999,1,4,2,7,At Risk
CUST_00819,14,10,33681.91,5,3,1,9,Potential Loyalists
CUST_00820,20,8,227744.91999999998,4,2,3,9,Promising
CUST_00821,29,12,361946.76,4,4,5,13,Champions
CUST_00822,35,9,346564.74,4,2,5,11,Loyal Customers
CUST_00823,53,12,237993.02,3,4,4,11,Loyal Customers
CUST_00824,192,12,339919.56,1,4,5,10,Loyal Customers
CUST_00825,8,12,302914.45999999996,5,4,4,13,Champions
CUST_00826,21,9,283523.2,4,2,4,10,Loyal Customers
CUST_00827,52,13,238191.67,3,5,4,12,Loyal Customers
CUST_00828,148,7,270009.35,1,1,4,6,Lost
CUST_00829,8,12,217969.02,5,4,3,12,Loyal Customers
CUST_00830,23,7,220029.71,4,1,3,8,Promising
CUST_00831,73,13,71216.63,2,5,1,8,At Risk
CUST_00832,67,9,379028.01,3,2,5,10,Loyal Customers
CUST_00833,101,15,202230.85,2,5,3,10,Loyal Customers
CUST_00834,129,9,167946.41,1,2,3,6,Lost
CUST_00835,1,8,176854.31,5,2,3,10,Loyal Customers
CUST_00836,5,8,85338.48,5,2,1,8,Promising
CUST_00837,87,13,442609.22,2,5,5,12,Loyal Customers
CUST_00838,10,15,369750.48,5,5,5,15,Champions
CUST_00839,39,11,78922.22,3,4,1,8,Potential Loyalists
CUST_00840,14,10,75830.81999999999,5,3,1,9,Potential Loyalists
CUST_00841,33,11,195384.6,4,4,3,11,Loyal Customers
CUST_00842,63,9,151738.06,3,2,2,7,Potential Loyalists
CUST_00843,109,11,179949.38,2,4,3,9,At Risk
CUST_00844,19,13,180813.50000000003,4,5,3,12,Loyal Customers
CUST_00845,14,12,355462.47000000003,5,4,5,14,Champions
CUST_00846,74,13,488262.33,2,5,5,12,Loyal Customers
CUST_00847,152,11,183292.04,1,4,3,8,At Risk
CUST_00848,178,12,162631.37,1,4,3,8,At Risk
CUST_00849,34,11,335337.63,4,4,5,13,Champions
CUST_00850,38,7,69270.82,4,1,1,6,Promising
CUST_00851,30,10,214643.83000000002,4,3,3,10,Loyal Customers
CUST_00852,134,10,58132.1,1,3,1,5,Potential Loyalists
CUST_00853,19,11,218415.11,4,4,3,11,Loyal Customers
CUST_00854,23,8,104987.31,4,2,2,8,Promising
CUST_00855,33,12,179740.09,4,4,3,11,Loyal Customers
CUST_00856,135,7,160250.83000000002,1,1,3,5,Lost
CUST_00857,15,13,240570.61,5,5,4,14,Champions
CUST_00858,59,14,284044.87,3,5,4,12,Loyal Customers
CUST_00859,112,3,67706.89,2,1,1,4,Lost
CUST_00860,95,5,31057.93,2,1,1,4,Lost
CUST_00861,17,11,274161.64999999997,5,4,4,13,Champions
CUST_00862,6,9,179811.97,5,2,3,10,Loyal Customers
CUST_00863,34,8,77169.95999999999,4,2,1,7,Promising
CUST_00864,275,10,147956.19,1,3,2,6,Potential Loyalists
CUST_00865,19,9,225440.49,4,2,3,9,Promising
CUST_00866,154,6,87110.8,1,1,1,3,Lost
CUST_00867,15,14,498034.41000000003,5,5,5,15,Champions
CUST_00868,26,11,204199.86000000002,4,4,3,11,Loyal Customers
CUST_00869,52,13,477693.66000000003,3,5,5,13,Champions
CUST_00870,290,6,190098.43,1,1,3,5,Lost
CUST_00871,19,12,145209.13,4,4,2,10,Loyal Customers
CUST_00872,29,8,160485.15,4,2,3,9,Promising
CUST_00873,89,8,155570.75,2,2,2,6,Lost
CUST_00874,43,12,404930.2,3,4,5,12,Loyal Customers
CUST_00875,3,12,511117.79000000004,5,4,5,14,Champions
CUST_00876,113,12,561451.8,2,4,5,11,Loyal Customers
CUST_00877,5,10,214205.46,5,3,3,11,Loyal Customers
CUST_00878,117,10,510173.12,2,3,5,10,Loyal Customers
CUST_00879,91,10,167150.13999999998,2,3,3,8,Potential Loyalists
CUST_00880,18,10,100610.56999999999,4,3,2,9,Potential Loyalists
CUST_00881,6,12,170477.7,5,4,3,12,Loyal Customers
CUST_00882,109,6,142811.1,2,1,2,5,Lost
CUST_00883,2,16,299868.35,5,5,4,14,Champions
CUST_00884,22,6,35791.52,4,1,1,6,Promising
CUST_00885,82,9,113109.09,2,2,2,6,Lost
CUST_00886,61,13,295415.27,3,5,4,12,Loyal Customers
CUST_00887,7,13,330785.85,5,5,4,14,Champions
CUST_00888,77,9,193481.25,2,2,3,7,Lost
CUST_00889,74,13,273305.47000000003,2,5,4,11,Loyal Customers
CUST_00890,104,13,121301.27,2,5,2,9,At Risk
CUST_00891,15,11,114941.94,5,4,2,11,Loyal Customers
CUST_00892,43,13,204689.56,3,5,3,11,Loyal Customers
CUST_00893,81,9,85009.43,2,2,1,5,Lost
CUST_00894,43,10,181674.44,3,3,3,9,Potential Loyalists
CUST_00895,69,9,510072.9199999999,2,2,5,9,Lost
CUST_00896,32,14,477553.49,4,5,5,14,Champions
CUST_00897,259,5,115205.73000000001,1,1,2,4,Lost
CUST_00898,99,8,309367.74,2,2,4,8,Lost
CUST_00899,117,8,42698.97,2,2,1,5,Lost
CUST_00900,153,7,104028.54999999999,1,1,2,4,Lost
CUST_00901,1,12,412792.49,5,4,5,14,Champions
CUST_00902,222,8,170356.19999999998,1,2,3,6,Lost
CUST_00903,81,13,156474.11000000002,2,5,2,9,At Risk
CUST_00904,36,12,225535.89,4,4,3,11,Loyal Customers
CUST_00905,28,6,74844.81,4,1,1,6,Promising
CUST_00906,228,4,87045.75,1,1,1,3,Lost
CUST_00907,136,8,236134.8,1,2,4,7,Lost
CUST_00908,78,11,229777.65,2,4,3,9,At Risk
CUST_00909,86,9,108773.4,2,2,2,6,Lost
CUST_00910,46,9,430590.29,3,2,5,10,Loyal Customers
CUST_00911,77,9,85587.51000000001,2,2,1,5,Lost
CUST_00912,37,13,395695.94,4,5,5,14,Champions
CUST_00913,215,10,455624.68000000005,1,3,5,9,Potential Loyalists
CUST_00914,81,7,53328.86,2,1,1,4,Lost
CUST_00915,68,7,256350.19000000003,2,1,4,7,Lost
CUST_00916,39,8,255454.41000000003,3,2,4,9,Potential Loyalists
CUST_00917,19,16,238743.5,4,5,4,13,Champions
CUST_00918,17,17,546579.63,5,5,5,15,Champions
CUST_00919,2,8,231202.99,5,2,3,10,Loyal Customers
CUST_00920,104,10,259565.22,2,3,4,9,Potential Loyalists
CUST_00921,17,14,144413.88,5,5,2,12,Loyal Customers
CUST_00922,197,13,179372.41,1,5,3,9,At Risk
CUST_00923,57,6,47002.58,3,1,1,5,Potential Loyalists
CUST_00924,193,6,27535.65,1,1,1,3,Lost
CUST_00925,55,5,254043.40999999997,3,1,4,8,Potential Loyalists
CUST_00926,43,11,377336.32,3,4,5,12,Loyal Customers
CUST_00927,115,7,125251.36,2,1,2,5,Lost
CUST_00928,6,7,146526.28,5,1,2,8,Promising
CUST_00929,74,9,168025.16,2,2,3,7,Lost
CUST_00930,122,9,117375.13,1,2,2,5,Lost
CUST_00931,30,14,251893.86,4,5,4,13,Champions
CUST_00932,9,15,294832.71,5,5,4,14,Champions
CUST_00933,26,15,384303.02,4,5,5,14,Champions
CUST_00934,141,7,80407.57,1,1,1,3,Lost
CUST_00935,71,5,80707.16,2,1,1,4,Lost
CUST_00936,63,12,200291.71000000002,3,4,3,10,Loyal Customers
CUST_00937,86,11,452451.25,2,4,5,11,Loyal Customers
CUST_00938,8,13,215305.97999999998,5,5,3,13,Champions
CUST_00939,44,9,124062.28,3,2,2,7,Potential Loyalists
CUST_00940,27,14,67858.35,4,5,1,10,Loyal Customers
CUST_00941,21,4,186055.15,4,1,3,8,Promising
CUST_00942,66,7,77411.16,3,1,1,5,Potential Loyalists
CUST_00943,123,6,60635.94,1,1,1,3,Lost
CUST_00944,94,6,23272.18,2,1,1,4,Lost
CUST_00945,17,11,123921.82,5,4,2,11,Loyal Customers
CUST_00946,21,7,32977.47,4,1,1,6,Promising
CUST_00947,47,9,56709.87,3,2,1,6,Potential Loyalists
CUST_00948,55,9,75822.21,3,2,1,6,Potential Loyalists
CUST_00949,123,12,190978.69999999998,1,4,3,8,At Risk
CUST_00950,83,9,56803.68,2,2,1,5,Lost
CUST_00951,304,3,2053.38,1,1,1,3,Lost
CUST_00952,34,7,186158.79,4,1,3,8,Promising
CUST_00953,16,10,274796.95,5,3,4,12,Loyal Customers
CUST_00954,227,10,147567.51,1,3,2,6,Potential Loyalists
CUST_00955,33,9,307536.06,4,2,4,10,Loyal Customers
CUST_00956,147,9,121164.95,1,2,2,5,Lost
CUST_00957,16,8,144307.2,5,2,2,9,Promising
CUST_00958,8,17,169935.72,5,5,3,13,Champions
CUST_00959,41,7,334808.57999999996,3,1,5,9,Potential Loyalists
CUST_00960,11,12,189189.55,5,4,3,12,Loyal Customers
CUST_00961,18,19,481430.01,4,5,5,14,Champions
CUST_00962,12,12,248604.28,5,4,4,13,Champions
CUST_00963,480,8,59635.52,1,2,1,4,Lost
CUST_00964,53,12,331505.43,3,4,4,11,Loyal Customers
CUST_00965,218,8,117585.95999999999,1,2,2,5,Lost
CUST_00966,17,14,166947.96000000002,5,5,3,13,Champions
CUST_00967,224,12,679386.6799999999,1,4,5,10,Loyal Customers
CUST_00968,277,5,46452.77,1,1,1,3,Lost
CUST_00969,3,12,192117.03,5,4,3,12,Loyal Customers
CUST_00970,110,5,196972.03,2,1,3,6,Lost
CUST_00971,30,16,221622.31999999998,4,5,3,12,Loyal Customers
CUST_00972,155,11,350745.44,1,4,5,10,Loyal Customers
CUST_00973,91,9,546987.14,2,2,5,9,Lost
CUST_00974,37,10,75876.20999999999,4,3,1,8,Potential Loyalists
CUST_00975,136,6,105120.25,1,1,2,4,Lost
CUST_00976,78,9,95368.86,2,2,1,5,Lost
CUST_00977,64,7,27538.71,3,1,1,5,Potential Loyalists
CUST_00978,175,11,87121.92,1,4,1,6,At Risk
CUST_00979,40,9,253796.47000000003,3,2,4,9,Potential Loyalists
CUST_00980,152,3,84252.08,1,1,1,3,Lost
CUST_00981,10,9,233001.06,5,2,4,11,Loyal Customers
CUST_00982,91,8,151360.88999999998,2,2,2,6,Lost
CUST_00983,4,12,82397.81,5,4,1,10,Loyal Customers
CUST_00984,122,6,161338.6,1,1,3,5,Lost
CUST_00985,1,11,291872.47,5,4,4,13,Champions
CUST_00986,11,18,179395.66,5,5,3,13,Champions
CUST_00987,15,14,122026.19,5,5,2,12,Loyal Customers
CUST_00988,3,11,429928.57,5,4,5,14,Champions
CUST_00989,22,11,234106.66,4,4,4,12,Loyal Customers
CUST_00990,64,9,240643.21000000002,3,2,4,9,Potential Loyalists
CUST_00991,70,12,410669.8,2,4,5,11,Loyal Customers
CUST_00992,27,12,83691.82,4,4,1,9,Potential Loyalists
CUST_00993,137,4,34683.799999999996,1,1,1,3,Lost
CUST_00994,156,11,411837.06,1,4,5,10,Loyal Customers
CUST_00995,4,8,100787.12,5,2,2,9,Promising
CUST_00996,174,5,76884.87000000001,1,1,1,3,Lost
CUST_00997,47,9,189775.69,3,2,3,8,Potential Loyalists
CUST_00998,29,14,408003.5,4,5,5,14,Champions
CUST_00999,31,11,412960.43,4,4,5,13,Champions
CUST_01000,55,9,308813.65,3,2,4,9,Potential Loyalists
CUST_01001,1,14,286496.03,5,5,4,14,Champions
CUST_01002,16,11,407688.24,5,4,5,14,Champions
CUST_01003,32,12,199747.69,4,4,3,11,Loyal Customers
CUST_01004,4,10,105651.12,5,3,2,10,Loyal Customers
CUST_01005,46,17,603025.99,3,5,5,13,Champions
CUST_01006,143,9,158780.15,1,2,2,5,Lost
CUST_01007,105,11,252674.4,2,4,4,10,Loyal Customers
CUST_01008,207,8,132607.52,1,2,2,5,Lost
CUST_01009,44,10,230203.62,3,3,3,9,Potential Loyalists
CUST_01010,192,10,82257.43000000001,1,3,1,5,Potential Loyalists
CUST_01011,80,8,122605.29,2,2,2,6,Lost
CUST_01012,2,15,636107.15,5,5,5,15,Champions
CUST_01013,98,9,240359.15,2,2,4,8,Lost
CUST_01014,19,11,351578.1,4,4,5,13,Champions
CUST_01015,7,10,433171.73000000004,5,3,5,13,Champions
CUST_01016,11,16,501705.0,5,5,5,15,Champions
CUST_01017,201,10,126180.51999999999,1,3,2,6,Potential Loyalists
CUST_01018,33,6,61848.21,4,1,1,6,Promising
CUST_01019,73,10,263499.73,2,3,4,9,Potential Loyalists
CUST_01020,136,7,35738.9,1,1,1,3,Lost
CUST_01021,114,11,116573.79000000001,2,4,2,8,At Risk
CUST_01022,91,9,134785.48,2,2,2,6,Lost
CUST_01023,106,11,270673.8,2,4,4,10,Loyal Customers
CUST_01024,7,8,107874.87,5,2,2,9,Promising
CUST_01025,37,15,170490.76,4,5,3,12,Loyal Customers
CUST_01026,22,14,470741.79,4,5,5,14,Champions
CUST_01027,11,10,219654.68000000002,5,3,3,11,Loyal Customers
CUST_01028,31,13,424379.62,4,5,5,14,Champions
CUST_01029,58,15,486541.12999999995,3,5,5,13,Champions
CUST_01030,23,12,135867.01,4,4,2,10,Loyal Customers
CUST_01031,82,8,62890.02,2,2,1,5,Lost
CUST_01032,105,12,372958.01,2,4,5,11,Loyal Customers
CUST_01033,56,10,284601.61,3,3,4,10,Loyal Customers
CUST_01034,25,13,437411.63,4,5,5,14,Champions
CUST_01035,34,22,605474.53,4,5,5,14,Champions
CUST_01036,87,12,191098.53999999998,2,4,3,9,At Risk
CUST_01037,41,15,715476.21,3,5,5,13,Champions
CUST_01038,42,6,414445.41,3,1,5,9,Potential Loyalists
CUST_01039,52,14,351548.95999999996,3,5,5,13,Champions
CUST_01040,2,13,406502.23,5,5,5,15,Champions
CUST_01041,106,7,185613.5,2,1,3,6,Lost
CUST_01042,200,8,41113.98,1,2,1,4,Lost
CUST_01043,143,6,268515.24,1,1,4,6,Lost
CUST_01044,62,8,314634.00999999995,3,2,4,9,Potential Loyalists
CUST_01045,189,8,270286.96,1,2,4,7,Lost
CUST_01046,6,10,112901.73000000001,5,3,2,10,Loyal Customers
CUST_01047,81,8,208233.98,2,2,3,7,Lost
CUST_01048,24,10,139182.89,4,3,2,9,Potential Loyalists
CUST_01049,14,12,227762.99,5,4,3,12,Loyal Customers
CUST_01050,16,10,147845.61000000002,5,3,2,10,Loyal Customers
CUST_01051,43,13,261558.05000000002,3,5,4,12,Loyal Customers
CUST_01052,54,14,185824.03,3,5,3,11,Loyal Customers
CUST_01053,171,10,210580.01,1,3,3,7,Potential Loyalists
CUST_01054,14,7,354792.25,5,1,5,11,Loyal Customers
CUST_01055,82,9,300398.42000000004,2,2,4,8,Lost
CUST_01056,4,9,41303.73,5,2,1,8,Promising
CUST_01057,135,5,274708.16000000003,1,1,4,6,Lost
CUST_01058,45,14,159772.27,3,5,3,11,Loyal Customers
CUST_01059,90,15,146606.07,2,5,2,9,At Risk
CUST_01060,47,9,73166.63,3,2,1,6,Potential Loyalists
CUST_01061,16,9,197309.47999999998,5,2,3,10,Loyal Customers
CUST_01062,215,8,131742.26,1,2,2,5,Lost
CUST_01063,10,17,472217.92,5,5,5,15,Champions
CUST_01064,85,8,249788.49000000002,2,2,4,8,Lost
CUST_01065,7,9,360049.75999999995,5,2,5,12,Loyal Customers
CUST_01066,22,13,290130.52999999997,4,5,4,13,Champions
CUST_01067,64,12,614045.3300000001,3,4,5,12,Loyal Customers
CUST_01068,20,7,42706.02,4,1,1,6,Promising
CUST_01069,3,14,294298.16,5,5,4,14,Champions
CUST_01070,86,13,355287.35,2,5,5,12,Loyal Customers
CUST_01071,3,12,203330.32,5,4,3,12,Loyal Customers
CUST_01072,56,13,144220.56,3,5,2,10,Loyal Customers
CUST_01073,33,7,91529.52,4,1,1,6,Promising
CUST_01074,7,8,86402.48,5,2,1,8,Promising
CUST_01075,25,14,354780.94,4,5,5,14,Champions
CUST_01076,124,6,349044.56,1,1,5,7,Lost
CUST_01077,16,9,47462.81,5,2,1,8,Promising
CUST_01078,98,9,117846.51000000001,2,2,2,6,Lost
CUST_01079,113,9,108084.19,2,2,2,6,Lost
CUST_01080,158,8,143097.16,1,2,2,5,Lost
CUST_01081,56,11,298835.49,3,4,4,11,Loyal Customers
CUST_01082,109,9,298599.52,2,2,4,8,Lost
CUST_01083,211,12,148139.38,1,4,2,7,At Risk
CUST_01084,68,8,142522.48,2,2,2,6,Lost
CUST_01085,178,9,232233.58,1,2,4,7,Lost
CUST_01086,18,10,48138.13,4,3,1,8,Potential Loyalists
CUST_01087,3,8,373652.02999999997,5,2,5,12,Loyal Customers
CUST_01088,111,14,214842.02,2,5,3,10,Loyal Customers
CUST_01089,184,8,177944.49,1,2,3,6,Lost
CUST_01090,25,13,188765.45,4,5,3,12,Loyal Customers
CUST_01091,31,15,113289.29,4,5,2,11,Loyal Customers
CUST_01092,32,7,27479.02,4,1,1,6,Promising
CUST_01093,118,10,228885.89,2,3,3,8,Potential Loyalists
CUST_01094,17,12,205438.63,5,4,3,12,Loyal Customers
CUST_01095,32,21,462592.69,4,5,5,14,Champions
CUST_01096,180,12,157033.97,1,4,2,7,At Risk
CUST_01097,34,10,125854.74,4,3,2,9,Potential Loyalists
CUST_01098,58,10,205326.95,3,3,3,9,Potential Loyalists
CUST_01099,165,8,158847.06,1,2,2,5,Lost
CUST_01100,183,8,129169.24,1,2,2,5,Lost
CUST_01101,23,13,143081.99,4,5,2,11,Loyal Customers
CUST_01102,2,13,171449.86000000002,5,5,3,13,Champions
CUST_01103,312,10,253330.06,1,3,4,8,Potential Loyalists
CUST_01104,18,13,464239.44,4,5,5,14,Champions
CUST_01105,117,8,291601.92000000004,2,2,4,8,Lost
CUST_01106,42,10,108416.15,3,3,2,8,Potential Loyalists
CUST_01107,17,9,250305.74,5,2,4,11,Loyal Customers
CUST_01108,7,6,41108.259999999995,5,1,1,7,Promising
CUST_01109,71,10,151666.85,2,3,2,7,Potential Loyalists
CUST_01110,7,13,143815.5,5,5,2,12,Loyal Customers
CUST_01111,51,9,555314.03,3,2,5,10,Loyal Customers
CUST_01112,118,11,567950.86,2,4,5,11,Loyal Customers
CUST_01113,198,5,30465.24,1,1,1,3,Lost
CUST_01114,53,9,188629.84,3,2,3,8,Potential Loyalists
CUST_01115,8,10,132182.59,5,3,2,10,Loyal Customers
CUST_01116,79,8,298710.2,2,2,4,8,Lost
CUST_01117,110,10,180105.06,2,3,3,8,Potential Loyalists
CUST_01118,72,8,163760.52,2,2,3,7,Lost
CUST_01119,6,10,212727.09999999998,5,3,3,11,Loyal Customers
CUST_01120,31,10,286476.43,4,3,4,11,Loyal Customers
CUST_01121,87,4,164599.1,2,1,3,6,Lost
CUST_01122,43,10,163289.08000000002,3,3,3,9,Potential Loyalists
CUST_01123,27,10,100557.82,4,3,2,9,Potential Loyalists
CUST_01124,45,9,56343.94,3,2,1,6,Potential Loyalists
CUST_01125,73,10,206592.81,2,3,3,8,Potential Loyalists
CUST_01126,148,8,67180.53,1,2,1,4,Lost
CUST_01127,85,8,194181.67,2,2,3,7,Lost
CUST_01128,43,9,201249.65,3,2,3,8,Potential Loyalists
CUST_01129,284,8,191091.30000000002,1,2,3,6,Lost
CUST_01130,130,9,331985.32,1,2,4,7,Lost
CUST_01131,231,5,139278.16,1,1,2,4,Lost
CUST_01132,25,14,130089.56,4,5,2,11,Loyal Customers
CUST_01133,38,13,240365.91,4,5,4,13,Champions
CUST_01134,129,12,149582.21,1,4,2,7,At Risk
CUST_01135,42,13,155894.08,3,5,2,10,Loyal Customers
CUST_01136,3,10,220849.56,5,3,3,11,Loyal Customers
CUST_01137,53,6,173263.83000000002,3,1,3,7,Potential Loyalists
CUST_01138,31,8,47423.57,4,2,1,7,Promising
CUST_01139,123,9,59084.81,1,2,1,4,Lost
CUST_01140,8,11,168903.94,5,4,3,12,Loyal Customers
CUST_01141,7,12,334751.37,5,4,5,14,Champions
CUST_01142,122,10,387921.66,1,3,5,9,Potential Loyalists
CUST_01143,130,12,111174.84,1,4,2,7,At Risk
CUST_01144,20,15,637831.6599999999,4,5,5,14,Champions
CUST_01145,47,14,342537.42,3,5,5,13,Champions
CUST_01146,27,18,539052.98,4,5,5,14,Champions
CUST_01147,54,10,59630.61,3,3,1,7,Potential Loyalists
CUST_01148,127,11,323808.35,1,4,4,9,At Risk
CUST_01149,40,9,123495.52,3,2,2,7,Potential Loyalists
CUST_01150,44,8,192951.81,3,2,3,8,Potential Loyalists
CUST_01151,30,14,176475.96,4,5,3,12,Loyal Customers
CUST_01152,136,12,156323.22999999998,1,4,2,7,At Risk
CUST_01153,126,17,189380.13,1,5,3,9,At Risk
CUST_01154,127,13,287363.15,1,5,4,10,Loyal Customers
CUST_01155,61,13,232321.29,3,5,4,12,Loyal Customers
CUST_01156,73,8,164083.17,2,2,3,7,Lost
CUST_01157,24,10,437736.02,4,3,5,12,Loyal Customers
CUST_01158,11,15,258084.31,5,5,4,14,Champions
CUST_01159,27,7,148641.63999999998,4,1,2,7,Promising
CUST_01160,32,9,127208.18,4,2,2,8,Promising
CUST_01161,32,14,149088.01,4,5,2,11,Loyal Customers
CUST_01162,203,12,147155.64,1,4,2,7,At Risk
CUST_01163,246,9,58589.450000000004,1,2,1,4,Lost
CUST_01164,7,10,331459.48,5,3,4,12,Loyal Customers
CUST_01165,79,15,247924.53,2,5,4,11,Loyal Customers
CUST_01166,72,11,108100.46,2,4,2,8,At Risk
CUST_01167,125,6,100557.73999999999,1,1,2,4,Lost
CUST_01168,19,11,71081.85,4,4,1,9,Potential Loyalists
CUST_01169,67,11,190945.87,3,4,3,10,Loyal Customers
CUST_01170,23,16,343664.22,4,5,5,14,Champions
CUST_01171,13,10,149780.72,5,3,2,10,Loyal Customers
CUST_01172,39,11,194633.71,3,4,3,10,Loyal Customers
CUST_01173,82,10,161714.9,2,3,3,8,Potential Loyalists
CUST_01174,322,8,86597.29000000001,1,2,1,4,Lost
CUST_01175,127,8,129268.63,1,2,2,5,Lost
CUST_01176,101,10,217321.72,2,3,3,8,Potential Loyalists
CUST_01177,86,11,115348.77,2,4,2,8,At Risk
CUST_01178,85,10,109801.84,2,3,2,7,Potential Loyalists
CUST_01179,177,9,85766.48999999999,1,2,1,4,Lost
CUST_01180,34,15,356483.74,4,5,5,14,Champions
CUST_01181,409,4,16092.63,1,1,1,3,Lost
CUST_01182,28,11,275152.78,4,4,4,12,Loyal Customers
CUST_01183,112,7,471974.76,2,1,5,8,Lost
CUST_01184,54,12,118652.44,3,4,2,9,Potential Loyalists
CUST_01185,19,9,119214.99,4,2,2,8,Promising
CUST_01186,87,5,140440.13999999998,2,1,2,5,Lost
CUST_01187,35,10,103809.79999999999,4,3,2,9,Potential Loyalists
CUST_01188,16,13,635226.4199999999,5,5,5,15,Champions
CUST_01189,73,7,262050.49999999997,2,1,4,7,Lost
CUST_01190,74,11,231715.4,2,4,4,10,Loyal Customers
CUST_01191,124,11,272846.61,1,4,4,9,At Risk
CUST_01192,5,10,196082.19,5,3,3,11,Loyal Customers
CUST_01193,59,8,42713.22,3,2,1,6,Potential Loyalists
CUST_01194,48,10,312679.03,3,3,4,10,Loyal Customers
CUST_01195,16,8,169398.43,5,2,3,10,Loyal Customers
CUST_01196,160,9,232238.25,1,2,4,7,Lost
CUST_01197,20,14,563537.6900000001,4,5,5,14,Champions
CUST_01198,197,8,173775.66999999998,1,2,3,6,Lost
CUST_01199,71,12,54020.53999999999,2,4,1,7,At Risk
CUST_01200,185,6,95150.51000000001,1,1,1,3,Lost
CUST_01201,108,7,113118.17,2,1,2,5,Lost
CUST_01202,19,8,220451.84,4,2,3,9,Promising
CUST_01203,76,13,364400.69,2,5,5,12,Loyal Customers
CUST_01204,7,9,86903.36,5,2,1,8,Promising
CUST_01205,67,14,122101.39,3,5,2,10,Loyal Customers
CUST_01206,80,10,31858.76,2,3,1,6,Potential Loyalists
CUST_01207,94,10,225706.82000000004,2,3,3,8,Potential Loyalists
CUST_01208,111,9,120167.39,2,2,2,6,Lost
CUST_01209,54,13,405032.99,3,5,5,13,Champions
CUST_01210,31,8,159029.18,4,2,2,8,Promising
CUST_01211,33,12,227147.06,4,4,3,11,Loyal Customers
CUST_01212,29,15,442073.95,4,5,5,14,Champions
CUST_01213,27,11,493485.35,4,4,5,13,Champions
CUST_01214,51,10,302411.79,3,3,4,10,Loyal Customers
CUST_01215,122,6,202198.43,1,1,3,5,Lost
CUST_01216,70,8,367394.3,2,2,5,9,Lost
CUST_01217,98,12,295244.76,2,4,4,10,Loyal Customers
CUST_01218,1,17,263537.06,5,5,4,14,Champions
CUST_01219,14,11,148895.21,5,4,2,11,Loyal Customers
CUST_01220,105,5,173808.12,2,1,3,6,Lost
CUST_01221,62,16,270114.79,3,5,4,12,Loyal Customers
CUST_01222,203,8,90683.35,1,2,1,4,Lost
CUST_01223,154,12,233974.99000000002,1,4,4,9,At Risk
CUST_01224,6,12,233699.76,5,4,4,13,Champions
CUST_01225,11,12,139155.46,5,4,2,11,Loyal Customers
CUST_01226,110,11,86929.77,2,4,1,7,At Risk
CUST_01227,62,9,147681.54,3,2,2,7,Potential Loyalists
CUST_01228,7,10,144953.36000000002,5,3,2,10,Loyal Customers
CUST_01229,134,11,114420.98000000001,1,4,2,7,At Risk
CUST_01230,120,14,101521.59999999999,1,5,2,8,At Risk
CUST_01231,115,6,30183.27,2,1,1,4,Lost
CUST_01232,61,11,256818.62,3,4,4,11,Loyal Customers
CUST_01233,16,9,362991.57,5,2,5,12,Loyal Customers
CUST_01234,90,9,107529.70999999999,2,2,2,6,Lost
CUST_01235,42,11,423015.65,3,4,5,12,Loyal Customers
CUST_01236,149,8,105563.86,1,2,2,5,Lost
CUST_01237,124,10,238825.63,1,3,4,8,Potential Loyalists
CUST_01238,149,7,78589.95,1,1,1,3,Lost
CUST_01239,24,13,125622.31999999999,4,5,2,11,Loyal Customers
CUST_01240,87,12,244938.66999999998,2,4,4,10,Loyal Customers
CUST_01241,10,20,284145.61,5,5,4,14,Champions
CUST_01242,1,9,126989.0,5,2,2,9,Promising
CUST_01243,13,9,563476.65,5,2,5,12,Loyal Customers
CUST_01244,11,11,214911.36,5,4,3,12,Loyal Customers
CUST_01245,27,8,144207.52,4,2,2,8,Promising
CUST_01246,52,9,58141.96,3,2,1,6,Potential Loyalists
CUST_01247,87,11,319756.17,2,4,4,10,Loyal Customers
CUST_01248,33,9,401651.35000000003,4,2,5,11,Loyal Customers
CUST_01249,416,3,41741.270000000004,1,1,1,3,Lost
CUST_01250,49,6,238865.61,3,1,4,8,Potential Loyalists
CUST_01251,166,4,28586.5,1,1,1,3,Lost
CUST_01252,184,9,23974.14,1,2,1,4,Lost
CUST_01253,217,11,131998.21000000002,1,4,2,7,At Risk
CUST_01254,28,7,116398.89,4,1,2,7,Promising
CUST_01255,47,9,188714.7,3,2,3,8,Potential Loyalists
CUST_01256,51,7,149063.4,3,1,2,6,Potential Loyalists
CUST_01257,59,7,141442.29,3,1,2,6,Potential Loyalists
CUST_01258,38,11,292937.24,4,4,4,12,Loyal Customers
CUST_01259,151,9,193482.44,1,2,3,6,Lost
CUST_01260,112,9,166298.64,2,2,3,7,Lost
CUST_01261,96,11,252938.22999999998,2,4,4,10,Loyal Customers
CUST_01262,86,13,156213.87,2,5,2,9,At Risk
CUST_01263,66,15,95938.77,3,5,1,9,Potential Loyalists
CUST_01264,26,11,233386.71,4,4,4,12,Loyal Customers
CUST_01265,77,8,282547.58999999997,2,2,4,8,Lost
CUST_01266,54,7,57259.66,3,1,1,5,Potential Loyalists
CUST_01267,14,11,75372.34,5,4,1,10,Loyal Customers
CUST_01268,33,14,397949.39999999997,4,5,5,14,Champions
CUST_01269,9,9,221809.80000000002,5,2,3,10,Loyal Customers
CUST_01270,8,6,154404.37,5,1,2,8,Promising
CUST_01271,22,12,536114.37,4,4,5,13,Champions
CUST_01272,161,9,159361.6,1,2,3,6,Lost
CUST_01273,28,16,557076.64,4,5,5,14,Champions
CUST_01274,83,10,188551.02,2,3,3,8,Potential Loyalists
CUST_01275,19,11,149114.07,4,4,2,10,Loyal Customers
CUST_01276,84,8,315875.11,2,2,4,8,Lost
CUST_01277,18,11,332165.38,4,4,4,12,Loyal Customers
CUST_01278,17,10,287195.73,5,3,4,12,Loyal Customers
CUST_01279,208,10,157520.16999999998,1,3,2,6,Potential Loyalists
CUST_01280,21,14,282761.2,4,5,4,13,Champions
CUST_01281,41,11,213026.33000000002,3,4,3,10,Loyal Customers
CUST_01282,132,8,289427.31,1,2,4,7,Lost
CUST_01283,44,10,329778.36,3,3,4,10,Loyal Customers
CUST_01284,106,11,459769.38,2,4,5,11,Loyal Customers
CUST_01285,39,14,405413.3,3,5,5,13,Champions
CUST_01286,116,4,68949.15,2,1,1,4,Lost
CUST_01287,128,12,104987.11,1,4,2,7,At Risk
CUST_01288,94,11,150354.72999999998,2,4,2,8,At Risk
CUST_01289,44,13,139768.03,3,5,2,10,Loyal Customers
CUST_01290,13,10,462373.74,5,3,5,13,Champions
CUST_01291,2,13,428230.94,5,5,5,15,Champions
CUST_01292,9,15,280157.26999999996,5,5,4,14,Champions
CUST_01293,201,4,82205.14,1,1,1,3,Lost
CUST_01294,16,17,352667.17,5,5,5,15,Champions
CUST_01295,135,11,142173.46,1,4,2,7,At Risk
CUST_01296,154,5,200302.87,1,1,3,5,Lost
CUST_01297,65,19,765214.64,3,5,5,13,Champions
CUST_01298,30,11,380466.07,4,4,5,13,Champions
CUST_01299,51,9,90146.65000000001,3,2,1,6,Potential Loyalists
CUST_01300,66,6,185392.24,3,1,3,7,Potential Loyalists
CUST_01301,16,11,100609.69,5,4,2,11,Loyal Customers
CUST_01302,177,9,158410.91,1,2,2,5,Lost
CUST_01303,254,5,72727.72,1,1,1,3,Lost
CUST_01304,64,10,167696.21,3,3,3,9,Potential Loyalists
CUST_01305,12,11,138589.77000000002,5,4,2,11,Loyal Customers
CUST_01306,4,10,131960.55,5,3,2,10,Loyal Customers
CUST_01307,6,15,258263.37000000002,5,5,4,14,Champions
CUST_01308,16,12,352072.52,5,4,5,14,Champions
CUST_01309,213,7,89442.51000000001,1,1,1,3,Lost
CUST_01310,30,13,406715.22,4,5,5,14,Champions
CUST_01311,116,14,135883.43,2,5,2,9,At Risk
CUST_01312,50,13,410475.27,3,5,5,13,Champions
CUST_01313,115,7,29826.59,2,1,1,4,Lost
CUST_01314,15,10,222806.86,5,3,3,11,Loyal Customers
CUST_01315,24,9,195269.43,4,2,3,9,Promising
CUST_01316,111,8,450821.72,2,2,5,9,Lost
CUST_01317,6,6,200628.91000000003,5,1,3,9,Promising
CUST_01318,32,11,187349.9,4,4,3,11,Loyal Customers
CUST_01319,123,13,237299.58,1,5,4,10,Loyal Customers
CUST_01320,124,4,14575.9,1,1,1,3,Lost
CUST_01321,145,11,149646.66,1,4,2,7,At Risk
CUST_01322,80,7,146352.72,2,1,2,5,Lost
CUST_01323,1,15,254827.88,5,5,4,14,Champions
CUST_01324,67,5,31059.29,3,1,1,5,Potential Loyalists
CUST_01325,21,18,263563.86,4,5,4,13,Champions
CUST_01326,193,12,475544.11,1,4,5,10,Loyal Customers
CUST_01327,11,15,148249.38,5,5,2,12,Loyal Customers
CUST_01328,23,14,179574.16,4,5,3,12,Loyal Customers
CUST_01329,24,8,109444.18999999999,4,2,2,8,Promising
CUST_01330,21,10,514807.42,4,3,5,12,Loyal Customers
CUST_01331,5,8,94972.03,5,2,1,8,Promising
CUST_01332,3,7,230602.84999999998,5,1,3,9,Promising
CUST_01333,157,6,76819.56999999999,1,1,1,3,Lost
CUST_01334,12,11,220664.38999999998,5,4,3,12,Loyal Customers
CUST_01335,101,12,307475.80000000005,2,4,4,10,Loyal Customers
CUST_01336,177,11,92740.46,1,4,1,6,At Risk
CUST_01337,121,9,299357.86,1,2,4,7,Lost
CUST_01338,10,13,951431.25,5,5,5,15,Champions
CUST_01339,23,9,248250.22999999998,4,2,4,10,Loyal Customers
CUST_01340,5,6,53157.840000000004,5,1,1,7,Promising
CUST_01341,67,14,280834.01,3,5,4,12,Loyal Customers
CUST_01342,34,8,90144.5,4,2,1,7,Promising
CUST_01343,111,8,96839.02,2,2,1,5,Lost
CUST_01344,33,10,241770.73,4,3,4,11,Loyal Customers
CUST_01345,12,14,409118.36,5,5,5,15,Champions
CUST_01346,92,13,263757.91,2,5,4,11,Loyal Customers
CUST_01347,49,7,201183.92,3,1,3,7,Potential Loyalists
CUST_01348,87,14,293447.36,2,5,4,11,Loyal Customers
CUST_01349,86,12,123627.81,2,4,2,8,At Risk
CUST_01350,23,13,312558.22000000003,4,5,4,13,Champions
CUST_01351,29,12,494023.95,4,4,5,13,Champions
CUST_01352,26,12,337313.18000000005,4,4,5,13,Champions
CUST_01353,31,12,142953.7,4,4,2,10,Loyal Customers
CUST_01354,220,5,16546.6,1,1,1,3,Lost
CUST_01355,53,10,393155.45,3,3,5,11,Loyal Customers
CUST_01356,6,12,310103.8,5,4,4,13,Champions
CUST_01357,23,13,484514.26,4,5,5,14,Champions
CUST_01358,133,9,209887.97999999998,1,2,3,6,Lost
CUST_01359,130,10,292658.16,1,3,4,8,Potential Loyalists
CUST_01360,29,12,342146.41,4,4,5,13,Champions
CUST_01361,53,8,308750.36,3,2,4,9,Potential Loyalists
CUST_01362,8,8,159101.43,5,2,2,9,Promising
CUST_01363,20,7,60923.66,4,1,1,6,Promising
CUST_01364,54,6,226334.24,3,1,3,7,Potential Loyalists
CUST_01365,8,16,414889.93,5,5,5,15,Champions
CUST_01366,72,7,176297.63999999998,2,1,3,6,Lost
CUST_01367,56,6,86745.87,3,1,1,5,Potential Loyalists
CUST_01368,93,8,268442.83,2,2,4,8,Lost
CUST_01369,85,14,643906.02,2,5,5,12,Loyal Customers
CUST_01370,28,12,415430.91000000003,4,4,5,13,Champions
CUST_01371,109,16,349095.01,2,5,5,12,Loyal Customers
CUST_01372,10,8,106397.81999999999,5,2,2,9,Promising
CUST_01373,110,6,117298.51999999999,2,1,2,5,Lost
CUST_01374,28,11,224185.94,4,4,3,11,Loyal Customers
CUST_01375,20,17,264064.05,4,5,4,13,Champions
CUST_01376,201,6,133698.03,1,1,2,4,Lost
CUST_01377,117,17,349866.77,2,5,5,12,Loyal Customers
CUST_01378,42,5,42440.22,3,1,1,5,Potential Loyalists
CUST_01379,90,12,43980.340000000004,2,4,1,7,At Risk
CUST_01380,25,6,60669.23,4,1,1,6,Promising
CUST_01381,40,11,235724.18000000002,3,4,4,11,Loyal Customers
CUST_01382,9,9,186874.4,5,2,3,10,Loyal Customers
CUST_01383,40,13,407683.11,3,5,5,13,Champions
CUST_01384,135,13,443448.18,1,5,5,11,Loyal Customers
CUST_01385,40,9,434415.55999999994,3,2,5,10,Loyal Customers
CUST_01386,209,3,86731.54000000001,1,1,1,3,Lost
CUST_01387,35,13,232178.38,4,5,4,13,Champions
CUST_01388,96,11,93965.04000000001,2,4,1,7,At Risk
CUST_01389,40,8,423226.67000000004,3,2,5,10,Loyal Customers
CUST_01390,59,13,682585.67,3,5,5,13,Champions
CUST_01391,56,11,252647.59,3,4,4,11,Loyal Customers
CUST_01392,3,11,230640.37,5,4,3,12,Loyal Customers
CUST_01393,124,7,265781.21,1,1,4,6,Lost
CUST_01394,8,10,223300.84,5,3,3,11,Loyal Customers
CUST_01395,140,11,423178.63,1,4,5,10,Loyal Customers
CUST_01396,31,9,121498.34,4,2,2,8,Promising
CUST_01397,33,8,192490.84,4,2,3,9,Promising
CUST_01398,117,10,900586.82,2,3,5,10,Loyal Customers
CUST_01399,35,12,41877.96,4,4,1,9,Potential Loyalists
CUST_01400,104,7,25692.53,2,1,1,4,Lost
CUST_01401,291,8,98005.19,1,2,1,4,Lost
CUST_01402,165,13,426517.99,1,5,5,11,Loyal Customers
CUST_01403,56,9,445859.45,3,2,5,10,Loyal Customers
CUST_01404,190,7,84845.31,1,1,1,3,Lost
CUST_01405,112,5,211825.1,2,1,3,6,Lost
CUST_01406,42,12,482733.97000000003,3,4,5,12,Loyal Customers
CUST_01407,4,9,25086.92,5,2,1,8,Promising
CUST_01408,59,15,174463.36,3,5,3,11,Loyal Customers
CUST_01409,1,9,125528.11,5,2,2,9,Promising
CUST_01410,577,2,90903.23000000001,1,1,1,3,Lost
CUST_01411,4,9,393456.29,5,2,5,12,Loyal Customers
CUST_01412,121,8,146911.81,1,2,2,5,Lost
CUST_01413,133,7,81805.95999999999,1,1,1,3,Lost
CUST_01414,55,17,263058.22,3,5,4,12,Loyal Customers
CUST_01415,16,5,25786.7,5,1,1,7,Promising
CUST_01416,13,7,114436.51999999999,5,1,2,8,Promising
CUST_01417,6,16,264399.6,5,5,4,14,Champions
CUST_01418,52,18,632837.87,3,5,5,13,Champions
CUST_01419,10,12,173975.40000000002,5,4,3,12,Loyal Customers
CUST_01420,112,11,243184.88,2,4,4,10,Loyal Customers
CUST_01421,2,6,108278.28,5,1,2,8,Promising
CUST_01422,72,13,212350.13,2,5,3,10,Loyal Customers
CUST_01423,105,9,189747.14,2,2,3,7,Lost
CUST_01424,47,22,497668.69,3,5,5,13,Champions
CUST_01425,127,10,278369.72,1,3,4,8,Potential Loyalists
CUST_01426,11,15,197059.84,5,5,3,13,Champions
CUST_01427,57,9,129166.02,3,2,2,7,Potential Loyalists
CUST_01428,20,6,113183.0,4,1,2,7,Promising
CUST_01429,132,8,249011.78,1,2,4,7,Lost
CUST_01430,59,11,288343.01,3,4,4,11,Loyal Customers
CUST_01431,12,12,59494.3,5,4,1,10,Loyal Customers
CUST_01432,215,10,127079.4,1,3,2,6,Potential Loyalists
CUST_01433,7,11,379836.74,5,4,5,14,Champions
CUST_01434,37,14,164766.15,4,5,3,12,Loyal Customers
CUST_01435,5,12,470591.37,5,4,5,14,Champions
CUST_01436,53,17,352686.51,3,5,5,13,Champions
CUST_01437,8,8,379562.33999999997,5,2,5,12,Loyal Customers
CUST_01438,134,9,121269.09,1,2,2,5,Lost
CUST_01439,34,8,266297.68,4,2,4,10,Loyal Customers
CUST_01440,106,12,518433.17,2,4,5,11,Loyal Customers
CUST_01441,9,14,217495.26,5,5,3,13,Champions
CUST_01442,81,17,496225.89,2,5,5,12,Loyal Customers
CUST_01443,181,12,162617.13999999998,1,4,3,8,At Risk
CUST_01444,101,7,72801.9,2,1,1,4,Lost
CUST_01445,257,8,84811.02,1,2,1,4,Lost
CUST_01446,122,5,83904.34000000001,1,1,1,3,Lost
CUST_01447,74,12,219007.48,2,4,3,9,At Risk
CUST_01448,84,9,61842.54,2,2,1,5,Lost
CUST_01449,2,14,257523.53,5,5,4,14,Champions
CUST_01450,29,9,164695.8,4,2,3,9,Promising
CUST_01451,30,13,249705.63,4,5,4,13,Champions
CUST_01452,81,5,25688.59,2,1,1,4,Lost
CUST_01453,94,12,399837.77,2,4,5,11,Loyal Customers
CUST_01454,2,12,175139.81,5,4,3,12,Loyal Customers
CUST_01455,189,5,124406.20999999999,1,1,2,4,Lost
CUST_01456,35,12,206457.49,4,4,3,11,Loyal Customers
CUST_01457,27,9,96046.74,4,2,1,7,Promising
CUST_01458,33,6,139933.69,4,1,2,7,Promising
CUST_01459,8,10,104332.78,5,3,2,10,Loyal Customers
CUST_01460,39,10,333168.87,3,3,5,11,Loyal Customers
CUST_01461,42,14,137381.2,3,5,2,10,Loyal Customers
CUST_01462,191,11,365031.95,1,4,5,10,Loyal Customers
CUST_01463,55,9,66532.53,3,2,1,6,Potential Loyalists
CUST_01464,71,9,167271.14,2,2,3,7,Lost
CUST_01465,10,14,399071.31,5,5,5,15,Champions
CUST_01466,22,13,261291.94999999998,4,5,4,13,Champions
CUST_01467,221,8,168521.98,1,2,3,6,Lost
CUST_01468,53,9,102488.26999999999,3,2,2,7,Potential Loyalists
CUST_01469,16,7,74234.98,5,1,1,7,Promising
CUST_01470,78,10,241810.97000000003,2,3,4,9,Potential Loyalists
CUST_01471,22,12,276853.93,4,4,4,12,Loyal Customers
CUST_01472,90,10,223388.91,2,3,3,8,Potential Loyalists
CUST_01473,3,12,343118.06,5,4,5,14,Champions
CUST_01474,37,8,82577.85,4,2,1,7,Promising
CUST_01475,49,14,728963.11,3,5,5,13,Champions
CUST_01476,2,7,31823.29,5,1,1,7,Promising
CUST_01477,19,9,166992.94,4,2,3,9,Promising
CUST_01478,67,10,278160.65,3,3,4,10,Loyal Customers
CUST_01479,93,15,407279.29,2,5,5,12,Loyal Customers
CUST_01480,271,10,336926.64,1,3,5,9,Potential Loyalists
CUST_01481,37,6,199730.25999999998,4,1,3,8,Promising
CUST_01482,67,16,307485.18,3,5,4,12,Loyal Customers
CUST_01483,100,9,175264.94,2,2,3,7,Lost
CUST_01484,268,12,273839.57,1,4,4,9,At Risk
CUST_01485,28,14,197959.47,4,5,3,12,Loyal Customers
CUST_01486,117,7,61394.64,2,1,1,4,Lost
CUST_01487,125,10,103271.76,1,3,2,6,Potential Loyalists
CUST_01488,102,6,81875.74,2,1,1,4,Lost
CUST_01489,232,17,143913.07,1,5,2,8,At Risk
CUST_01490,70,8,47260.19,2,2,1,5,Lost
CUST_01491,18,10,331634.66,4,3,4,11,Loyal Customers
CUST_01492,114,10,233666.54000000004,2,3,4,9,Potential Loyalists
CUST_01493,163,8,139462.99,1,2,2,5,Lost
CUST_01494,99,12,112772.06,2,4,2,8,At Risk
CUST_01495,29,15,233842.44999999998,4,5,4,13,Champions
CUST_01496,89,10,264835.32,2,3,4,9,Potential Loyalists
CUST_01497,54,7,139631.36000000002,3,1,2,6,Potential Loyalists
CUST_01498,11,12,403156.88,5,4,5,14,Champions
CUST_01499,103,12,536130.1,2,4,5,11,Loyal Customers
CUST_01500,56,14,120898.28,3,5,2,10,Loyal Customers
CUST_01501,39,13,238490.0,3,5,4,12,Loyal Customers
CUST_01502,3,6,59312.159999999996,5,1,1,7,Promising
CUST_01503,34,12,224116.12,4,4,3,11,Loyal Customers
CUST_01504,64,8,113346.77,3,2,2,7,Potential Loyalists
CUST_01505,79,9,253189.36,2,2,4,8,Lost
CUST_01506,24,11,232160.67,4,4,4,12,Loyal Customers
CUST_01507,165,6,218012.89,1,1,3,5,Lost
CUST_01508,38,16,472770.61,4,5,5,14,Champions
CUST_01509,381,7,234816.93000000002,1,1,4,6,Lost
CUST_01510,57,11,210497.92,3,4,3,10,Loyal Customers
CUST_01511,28,12,122451.03,4,4,2,10,Loyal Customers
CUST_01512,61,11,153853.16,3,4,2,9,Potential Loyalists
CUST_01513,126,11,71524.97,1,4,1,6,At Risk
CUST_01514,187,10,271194.76,1,3,4,8,Potential Loyalists
CUST_01515,191,6,110576.62,1,1,2,4,Lost
CUST_01516,45,13,187912.92,3,5,3,11,Loyal Customers
CUST_01517,73,13,168756.78,2,5,3,10,Loyal Customers
CUST_01518,31,10,261788.63,4,3,4,11,Loyal Customers
CUST_01519,290,12,176104.38999999998,1,4,3,8,At Risk
CUST_01520,72,7,183314.37,2,1,3,6,Lost
CUST_01521,49,14,456687.77999999997,3,5,5,13,Champions
CUST_01522,76,11,91531.04,2,4,1,7,At Risk
CUST_01523,81,9,393180.22,2,2,5,9,Lost
CUST_01524,52,12,109709.26999999999,3,4,2,9,Potential Loyalists
CUST_01525,16,14,417242.45,5,5,5,15,Champions
CUST_01526,187,8,265753.93,1,2,4,7,Lost
CUST_01527,10,12,237406.69,5,4,4,13,Champions
CUST_01528,63,12,97748.09999999999,3,4,1,8,Potential Loyalists
CUST_01529,20,16,243694.14,4,5,4,13,Champions
CUST_01530,38,15,309027.22,4,5,4,13,Champions
CUST_01531,7,11,56039.4,5,4,1,10,Loyal Customers
CUST_01532,54,13,79136.78,3,5,1,9,Potential Loyalists
CUST_01533,50,13,526178.8200000001,3,5,5,13,Champions
CUST_01534,61,17,198215.37999999998,3,5,3,11,Loyal Customers
CUST_01535,25,11,159563.51,4,4,3,11,Loyal Customers
CUST_01536,17,10,56136.21,5,3,1,9,Potential Loyalists
CUST_01537,227,8,130975.59,1,2,2,5,Lost
CUST_01538,189,9,106374.45999999999,1,2,2,5,Lost
CUST_01539,18,8,53591.68,4,2,1,7,Promising
CUST_01540,80,10,193000.3,2,3,3,8,Potential Loyalists
CUST_01541,519,3,25379.28,1,1,1,3,Lost
CUST_01542,5,16,178196.62,5,5,3,13,Champions
CUST_01543,115,10,391910.82,2,3,5,10,Loyal Customers
CUST_01544,33,9,111378.15,4,2,2,8,Promising
CUST_01545,79,10,148782.81,2,3,2,7,Potential Loyalists
CUST_01546,16,7,129142.76000000001,5,1,2,8,Promising
CUST_01547,94,12,187650.78,2,4,3,9,At Risk
CUST_01548,45,15,485937.07000000007,3,5,5,13,Champions
CUST_01549,335,9,47017.53,1,2,1,4,Lost
CUST_01550,110,6,27699.0,2,1,1,4,Lost
CUST_01551,111,11,553421.2,2,4,5,11,Loyal Customers
CUST_01552,100,7,324796.26,2,1,4,7,Lost
CUST_01553,64,10,37289.42,3,3,1,7,Potential Loyalists
CUST_01554,3,11,224575.29,5,4,3,12,Loyal Customers
CUST_01555,36,10,110704.52,4,3,2,9,Potential Loyalists
CUST_01556,24,11,467810.56,4,4,5,13,Champions
CUST_01557,2,18,106644.11,5,5,2,12,Loyal Customers
CUST_01558,12,13,470796.12,5,5,5,15,Champions
CUST_01559,43,14,190534.75999999998,3,5,3,11,Loyal Customers
CUST_01560,33,10,305345.88,4,3,4,11,Loyal Customers
CUST_01561,18,7,88881.73,4,1,1,6,Promising
CUST_01562,82,10,309062.18999999994,2,3,4,9,Potential Loyalists
CUST_01563,29,9,200649.61,4,2,3,9,Promising
CUST_01564,30,10,164028.49,4,3,3,10,Loyal Customers
CUST_01565,12,9,191428.27,5,2,3,10,Loyal Customers
CUST_01566,74,9,151408.65000000002,2,2,2,6,Lost
CUST_01567,80,7,344478.49,2,1,5,8,Lost
CUST_01568,35,7,221642.97000000003,4,1,3,8,Promising
CUST_01569,68,6,151181.03,2,1,2,5,Lost
CUST_01570,23,15,282870.83,4,5,4,13,Champions
CUST_01571,50,9,54128.53,3,2,1,6,Potential Loyalists
CUST_01572,18,9,192296.93,4,2,3,9,Promising
CUST_01573,66,10,527657.9500000001,3,3,5,11,Loyal Customers
CUST_01574,56,13,235130.45,3,5,4,12,Loyal Customers
CUST_01575,3,8,316755.49,5,2,4,11,Loyal Customers
CUST_01576,51,3,9868.0,3,1,1,5,Potential Loyalists
CUST_01577,14,11,350141.83999999997,5,4,5,14,Champions
CUST_01578,20,16,233737.37,4,5,4,13,Champions
CUST_01579,8,11,213052.94,5,4,3,12,Loyal Customers
CUST_01580,36,11,174352.27000000002,4,4,3,11,Loyal Customers
CUST_01581,25,11,203259.19,4,4,3,11,Loyal Customers
CUST_01582,33,11,135599.37,4,4,2,10,Loyal Customers
CUST_01583,39,9,165857.29,3,2,3,8,Potential Loyalists
CUST_01584,195,9,254764.97,1,2,4,7,Lost
CUST_01585,25,14,213743.24000000002,4,5,3,12,Loyal Customers
CUST_01586,107,14,351005.66,2,5,5,12,Loyal Customers
CUST_01587,80,9,187061.38,2,2,3,7,Lost
CUST_01588,127,15,382593.42000000004,1,5,5,11,Loyal Customers
CUST_01589,4,12,217369.3,5,4,3,12,Loyal Customers
CUST_01590,39,9,389455.72,3,2,5,10,Loyal Customers
CUST_01591,129,10,156023.57,1,3,2,6,Potential Loyalists
CUST_01592,120,14,356928.43,1,5,5,11,Loyal Customers
CUST_01593,182,7,130756.28000000001,1,1,2,4,Lost
CUST_01594,41,11,359707.78,3,4,5,12,Loyal Customers
CUST_01595,42,9,133015.28,3,2,2,7,Potential Loyalists
CUST_01596,217,5,164427.74,1,1,3,5,Lost
CUST_01597,193,9,335801.75,1,2,5,8,Lost
CUST_01598,66,12,228496.19999999998,3,4,3,10,Loyal Customers
CUST_01599,13,13,576714.7899999999,5,5,5,15,Champions
CUST_01600,85,7,304352.42,2,1,4,7,Lost
CUST_01601,5,9,83132.85,5,2,1,8,Promising
CUST_01602,39,14,104692.79000000001,3,5,2,10,Loyal Customers
CUST_01603,171,7,100509.67,1,1,2,4,Lost
CUST_01604,53,8,278652.37,3,2,4,9,Potential Loyalists
CUST_01605,119,6,86714.71,2,1,1,4,Lost
CUST_01606,10,9,95665.43000000001,5,2,1,8,Promising
CUST_01607,112,12,349758.01,2,4,5,11,Loyal Customers
CUST_01608,112,9,203514.76,2,2,3,7,Lost
CUST_01609,3,11,282412.52,5,4,4,13,Champions
CUST_01610,49,5,70214.98,3,1,1,5,Potential Loyalists
CUST_01611,22,14,201387.66,4,5,3,12,Loyal Customers
CUST_01612,184,5,148422.52000000002,1,1,2,4,Lost
CUST_01613,65,12,441069.19,3,4,5,12,Loyal Customers
CUST_01614,210,4,35072.02,1,1,1,3,Lost
CUST_01615,32,8,198279.97,4,2,3,9,Promising
CUST_01616,4,7,210575.68,5,1,3,9,Promising
CUST_01617,20,9,333325.15,4,2,5,11,Loyal Customers
CUST_01618,36,12,456327.4,4,4,5,13,Champions
CUST_01619,203,8,303921.93,1,2,4,7,Lost
CUST_01620,136,7,79794.68,1,1,1,3,Lost
CUST_01621,7,5,193232.62,5,1,3,9,Promising
CUST_01622,45,11,160311.23,3,4,3,10,Loyal Customers
CUST_01623,25,5,99027.94,4,1,1,6,Promising
CUST_01624,99,8,55179.59,2,2,1,5,Lost
CUST_01625,28,12,235389.06999999998,4,4,4,12,Loyal Customers
CUST_01626,30,15,308144.58,4,5,4,13,Champions
CUST_01627,62,12,307872.78,3,4,4,11,Loyal Customers
CUST_01628,47,9,357637.20999999996,3,2,5,10,Loyal Customers
CUST_01629,11,10,235334.57,5,3,4,12,Loyal Customers
CUST_01630,29,5,225798.56999999998,4,1,3,8,Promising
CUST_01631,18,8,263619.93,4,2,4,10,Loyal Customers
CUST_01632,87,20,366230.83,2,5,5,12,Loyal Customers
CUST_01633,120,13,214297.04,1,5,3,9,At Risk
CUST_01634,18,9,236128.68,4,2,4,10,Loyal Customers
CUST_01635,7,11,128223.53,5,4,2,11,Loyal Customers
CUST_01636,12,15,355592.11,5,5,5,15,Champions
CUST_01637,82,3,11756.03,2,1,1,4,Lost
CUST_01638,229,8,151178.15,1,2,2,5,Lost
CUST_01639,139,7,130681.51000000001,1,1,2,4,Lost
CUST_01640,63,15,370322.58,3,5,5,13,Champions
CUST_01641,121,6,36351.68,1,1,1,3,Lost
CUST_01642,29,9,466083.79,4,2,5,11,Loyal Customers
CUST_01643,26,8,162866.78999999998,4,2,3,9,Promising
CUST_01644,145,5,40337.25,1,1,1,3,Lost
CUST_01645,39,9,133848.84,3,2,2,7,Potential Loyalists
CUST_01646,90,6,39313.33,2,1,1,4,Lost
CUST_01647,141,13,294484.18,1,5,4,10,Loyal Customers
CUST_01648,116,7,105060.66,2,1,2,5,Lost
CUST_01649,115,7,167141.03,2,1,3,6,Lost
CUST_01650,99,11,100984.6,2,4,2,8,At Risk
CUST_01651,85,9,175298.5,2,2,3,7,Lost
CUST_01652,38,6,204961.94,4,1,3,8,Promising
CUST_01653,42,11,373805.45999999996,3,4,5,12,Loyal Customers
CUST_01654,119,5,84616.54,2,1,1,4,Lost
CUST_01655,31,17,318836.26,4,5,4,13,Champions
CUST_01656,29,11,158606.45,4,4,2,10,Loyal Customers
CUST_01657,15,11,150445.68,5,4,2,11,Loyal Customers
CUST_01658,25,12,190144.51,4,4,3,11,Loyal Customers
CUST_01659,80,7,588678.5599999999,2,1,5,8,Lost
CUST_01660,37,8,418765.6,4,2,5,11,Loyal Customers
CUST_01661,26,11,119565.1,4,4,2,10,Loyal Customers
CUST_01662,11,8,219269.72999999998,5,2,3,10,Loyal Customers
CUST_01663,30,12,240698.14999999997,4,4,4,12,Loyal Customers
CUST_01664,493,6,225055.07,1,1,3,5,Lost
CUST_01665,79,4,120028.40999999999,2,1,2,5,Lost
CUST_01666,88,8,395837.57,2,2,5,9,Lost
CUST_01667,11,13,403452.68,5,5,5,15,Champions
CUST_01668,98,8,351604.67000000004,2,2,5,9,Lost
CUST_01669,113,9,149548.3,2,2,2,6,Lost
CUST_01670,19,12,188358.97999999998,4,4,3,11,Loyal Customers
CUST_01671,4,8,267454.35000000003,5,2,4,11,Loyal Customers
CUST_01672,15,11,341613.57,5,4,5,14,Champions
CUST_01673,52,8,297747.15,3,2,4,9,Potential Loyalists
CUST_01674,6,8,264877.14,5,2,4,11,Loyal Customers
CUST_01675,77,8,62205.3,2,2,1,5,Lost
CUST_01676,46,11,148150.85,3,4,2,9,Potential Loyalists
CUST_01677,63,8,54431.03,3,2,1,6,Potential Loyalists
CUST_01678,214,13,172168.18000000002,1,5,3,9,At Risk
CUST_01679,9,7,187594.37,5,1,3,9,Promising
CUST_01680,202,8,72478.75,1,2,1,4,Lost
CUST_01681,20,7,149379.38,4,1,2,7,Promising
CUST_01682,22,11,343726.96,4,4,5,13,Champions
CUST_01683,72,7,79312.72,2,1,1,4,Lost
CUST_01684,44,7,222087.11000000002,3,1,3,7,Potential Loyalists
CUST_01685,70,10,249267.48,2,3,4,9,Potential Loyalists
CUST_01686,52,10,583232.3600000001,3,3,5,11,Loyal Customers
CUST_01687,19,7,210613.93999999997,4,1,3,8,Promising
CUST_01688,109,8,25135.329999999998,2,2,1,5,Lost
CUST_01689,33,11,183558.62,4,4,3,11,Loyal Customers
CUST_01690,45,10,78455.42,3,3,1,7,Potential Loyalists
CUST_01691,44,9,180610.63,3,2,3,8,Potential Loyalists
CUST_01692,134,4,34595.56,1,1,1,3,Lost
CUST_01693,57,9,117429.32,3,2,2,7,Potential Loyalists
CUST_01694,52,9,122660.84,3,2,2,7,Potential Loyalists
CUST_01695,122,11,241539.31,1,4,4,9,At Risk
CUST_01696,79,11,168504.6,2,4,3,9,At Risk
CUST_01697,49,9,204619.41,3,2,3,8,Potential Loyalists
CUST_01698,72,10,159519.75,2,3,3,8,Potential Loyalists
CUST_01699,24,7,424764.75,4,1,5,10,Loyal Customers
CUST_01700,89,5,95234.38,2,1,1,4,Lost
CUST_01701,33,9,265107.6,4,2,4,10,Loyal Customers
CUST_01702,26,14,150467.29,4,5,2,11,Loyal Customers
CUST_01703,124,16,146664.06,1,5,2,8,At Risk
CUST_01704,59,11,120194.11,3,4,2,9,Potential Loyalists
CUST_01705,35,12,122871.75,4,4,2,10,Loyal Customers
CUST_01706,17,14,126211.33,5,5,2,12,Loyal Customers
CUST_01707,2,9,241532.47,5,2,4,11,Loyal Customers
CUST_01708,47,8,127602.22,3,2,2,7,Potential Loyalists
CUST_01709,116,10,188822.75,2,3,3,8,Potential Loyalists
CUST_01710,11,10,368428.42,5,3,5,13,Champions
CUST_01711,57,13,86617.56,3,5,1,9,Potential Loyalists
CUST_01712,31,15,517798.30000000005,4,5,5,14,Champions
CUST_01713,7,15,603396.13,5,5,5,15,Champions
CUST_01714,78,10,242602.83,2,3,4,9,Potential Loyalists
CUST_01715,44,19,298918.23,3,5,4,12,Loyal Customers
CUST_01716,30,5,116768.37,4,1,2,7,Promising
CUST_01717,56,8,359458.56,3,2,5,10,Loyal Customers
CUST_01718,156,12,379931.67,1,4,5,10,Loyal Customers
CUST_01719,37,12,108734.83,4,4,2,10,Loyal Customers
CUST_01720,321,5,82450.48,1,1,1,3,Lost
CUST_01721,85,11,239051.03,2,4,4,10,Loyal Customers
CUST_01722,98,7,230388.39,2,1,3,6,Lost
CUST_01723,59,7,204529.98,3,1,3,7,Potential Loyalists
CUST_01724,183,8,599803.01,1,2,5,8,Lost
CUST_01725,21,8,283030.03,4,2,4,10,Loyal Customers
CUST_01726,17,13,246256.28000000003,5,5,4,14,Champions
CUST_01727,26,13,64183.73,4,5,1,10,Loyal Customers
CUST_01728,19,18,465960.34,4,5,5,14,Champions
CUST_01729,8,12,169180.91999999998,5,4,3,12,Loyal Customers
CUST_01730,20,11,264161.56,4,4,4,12,Loyal Customers
CUST_01731,105,8,23192.81,2,2,1,5,Lost
CUST_01732,31,6,118272.32999999999,4,1,2,7,Promising
CUST_01733,108,10,239851.30000000002,2,3,4,9,Potential Loyalists
CUST_01734,234,5,19589.83,1,1,1,3,Lost
CUST_01735,52,8,188915.76,3,2,3,8,Potential Loyalists
CUST_01736,25,15,395168.57,4,5,5,14,Champions
CUST_01737,97,12,189198.82,2,4,3,9,At Risk
CUST_01738,8,5,172582.21,5,1,3,9,Promising
CUST_01739,81,14,130014.49,2,5,2,9,At Risk
CUST_01740,171,11,118764.76,1,4,2,7,At Risk
CUST_01741,51,9,342244.49,3,2,5,10,Loyal Customers
CUST_01742,59,12,272261.29,3,4,4,11,Loyal Customers
CUST_01743,32,8,136039.85,4,2,2,8,Promising
CUST_01744,89,2,6584.52,2,1,1,4,Lost
CUST_01745,53,14,285177.87,3,5,4,12,Loyal Customers
CUST_01746,43,12,277676.07,3,4,4,11,Loyal Customers
CUST_01747,52,7,30073.95,3,1,1,5,Potential Loyalists
CUST_01748,110,12,530625.72,2,4,5,11,Loyal Customers
CUST_01749,34,12,148593.97999999998,4,4,2,10,Loyal Customers
CUST_01750,99,10,297570.63,2,3,4,9,Potential Loyalists
CUST_01751,41,10,344055.24,3,3,5,11,Loyal Customers
CUST_01752,54,15,492552.41,3,5,5,13,Champions
CUST_01753,22,7,154258.93,4,1,2,7,Promising
CUST_01754,36,14,313137.17,4,5,4,13,Champions
CUST_01755,11,9,107712.47,5,2,2,9,Promising
CUST_01756,6,10,373585.02,5,3,5,13,Champions
CUST_01757,24,14,428791.86,4,5,5,14,Champions
CUST_01758,104,12,234738.00999999998,2,4,4,10,Loyal Customers
CUST_01759,127,7,93750.88,1,1,1,3,Lost
CUST_01760,120,7,103142.62,1,1,2,4,Lost
CUST_01761,44,15,198111.19,3,5,3,11,Loyal Customers
CUST_01762,76,11,542771.24,2,4,5,11,Loyal Customers
CUST_01763,58,9,221651.99,3,2,3,8,Potential Loyalists
CUST_01764,52,9,42194.8,3,2,1,6,Potential Loyalists
CUST_01765,214,8,117914.13,1,2,2,5,Lost
CUST_01766,81,6,32329.93,2,1,1,4,Lost
CUST_01767,32,10,418961.74,4,3,5,12,Loyal Customers
CUST_01768,20,5,43536.79,4,1,1,6,Promising
CUST_01769,48,9,232210.76,3,2,4,9,Potential Loyalists
CUST_01770,83,7,111610.16,2,1,2,5,Lost
CUST_01771,18,9,89212.41,4,2,1,7,Promising
CUST_01772,29,8,48548.95,4,2,1,7,Promising
CUST_01773,2,12,153362.86000000002,5,4,2,11,Loyal Customers
CUST_01774,1,14,413050.51,5,5,5,15,Champions
CUST_01775,36,10,130411.22,4,3,2,9,Potential Loyalists
CUST_01776,12,8,307923.15,5,2,4,11,Loyal Customers
CUST_01777,73,9,47739.83,2,2,1,5,Lost
CUST_01778,20,12,127125.48,4,4,2,10,Loyal Customers
CUST_01779,28,11,70163.49,4,4,1,9,Potential Loyalists
CUST_01780,2,10,319521.56,5,3,4,12,Loyal Customers
CUST_01781,51,6,112951.12,3,1,2,6,Potential Loyalists
CUST_01782,103,17,240870.07,2,5,4,11,Loyal Customers
CUST_01783,271,10,115326.27,1,3,2,6,Potential Loyalists
CUST_01784,21,12,174663.32,4,4,3,11,Loyal Customers
CUST_01785,35,7,85250.72,4,1,1,6,Promising
CUST_01786,77,11,196924.15,2,4,3,9,At Risk
CUST_01787,125,13,114381.31,1,5,2,8,At Risk
CUST_01788,86,11,123843.23,2,4,2,8,At Risk
CUST_01789,9,10,231734.2,5,3,4,12,Loyal Customers
CUST_01790,80,10,272906.65,2,3,4,9,Potential Loyalists
CUST_01791,54,4,285107.43,3,1,4,8,Potential Loyalists
CUST_01792,56,10,349774.36,3,3,5,11,Loyal Customers
CUST_01793,4,14,263883.19000000006,5,5,4,14,Champions
CUST_01794,177,9,132479.13,1,2,2,5,Lost
CUST_01795,6,14,546180.27,5,5,5,15,Champions
CUST_01796,2,16,211275.85,5,5,3,13,Champions
CUST_01797,150,13,346143.51999999996,1,5,5,11,Loyal Customers
CUST_01798,15,9,211871.64,5,2,3,10,Loyal Customers
CUST_01799,53,7,107493.98,3,1,2,6,Potential Loyalists
CUST_01800,94,10,310745.33999999997,2,3,4,9,Potential Loyalists
CUST_01801,12,7,378069.86,5,1,5,11,Loyal Customers
CUST_01802,354,6,105796.20999999999,1,1,2,4,Lost
CUST_01803,54,6,112711.58,3,1,2,6,Potential Loyalists
CUST_01804,81,4,41824.55,2,1,1,4,Lost
CUST_01805,72,11,172297.84,2,4,3,9,At Risk
CUST_01806,37,7,38493.43,4,1,1,6,Promising
CUST_01807,72,10,155822.77,2,3,2,7,Potential Loyalists
CUST_01808,21,9,278651.49,4,2,4,10,Loyal Customers
CUST_01809,65,8,104784.5,3,2,2,7,Potential Loyalists
CUST_01810,29,8,87699.14,4,2,1,7,Promising
CUST_01811,93,8,221368.51,2,2,3,7,Lost
CUST_01812,173,12,677688.7,1,4,5,10,Loyal Customers
CUST_01813,162,4,20304.05,1,1,1,3,Lost
CUST_01814,61,10,317225.49,3,3,4,10,Loyal Customers
CUST_01815,11,13,337913.56,5,5,5,15,Champions
CUST_01816,1,9,92293.19,5,2,1,8,Promising
CUST_01817,29,10,120000.19,4,3,2,9,Potential Loyalists
CUST_01818,84,9,35307.73,2,2,1,5,Lost
CUST_01819,62,5,55456.380000000005,3,1,1,5,Potential Loyalists
CUST_01820,157,7,69737.39,1,1,1,3,Lost
CUST_01821,64,9,191977.86,3,2,3,8,Potential Loyalists
CUST_01822,35,13,125452.08,4,5,2,11,Loyal Customers
CUST_01823,21,9,145574.2,4,2,2,8,Promising
CUST_01824,185,7,42751.5,1,1,1,3,Lost
CUST_01825,17,14,533241.47,5,5,5,15,Champions
CUST_01826,134,7,392904.85,1,1,5,7,Lost
CUST_01827,86,7,179793.62,2,1,3,6,Lost
CUST_01828,21,5,221287.55000000002,4,1,3,8,Promising
CUST_01829,28,12,510164.51,4,4,5,13,Champions
CUST_01830,30,8,403616.66000000003,4,2,5,11,Loyal Customers
CUST_01831,10,12,203638.14,5,4,3,12,Loyal Customers
CUST_01832,5,10,291552.44,5,3,4,12,Loyal Customers
CUST_01833,32,9,472958.36000000004,4,2,5,11,Loyal Customers
CUST_01834,95,9,132536.87,2,2,2,6,Lost
CUST_01835,215,8,304782.55,1,2,4,7,Lost
CUST_01836,434,4,22818.08,1,1,1,3,Lost
CUST_01837,67,13,250721.72,3,5,4,12,Loyal Customers
CUST_01838,21,10,145778.05,4,3,2,9,Potential Loyalists
CUST_01839,67,15,382299.25,3,5,5,13,Champions
CUST_01840,5,11,279666.95999999996,5,4,4,13,Champions
CUST_01841,149,6,76221.12,1,1,1,3,Lost
CUST_01842,7,11,175353.24,5,4,3,12,Loyal Customers
CUST_01843,17,13,117931.9,5,5,2,12,Loyal Customers
CUST_01844,97,11,269723.49,2,4,4,10,Loyal Customers
CUST_01845,12,13,215624.5,5,5,3,13,Champions
CUST_01846,59,9,115729.91,3,2,2,7,Potential Loyalists
CUST_01847,187,10,174845.36000000002,1,3,3,7,Potential Loyalists
CUST_01848,55,10,74358.78,3,3,1,7,Potential Loyalists
CUST_01849,120,5,18963.23,1,1,1,3,Lost
CUST_01850,194,6,109934.4,1,1,2,4,Lost
CUST_01851,23,15,634282.05,4,5,5,14,Champions
CUST_01852,48,12,244419.47,3,4,4,11,Loyal Customers
CUST_01853,6,13,93303.13,5,5,1,11,Loyal Customers
CUST_01854,288,3,30401.370000000003,1,1,1,3,Lost
CUST_01855,180,11,217979.08000000002,1,4,3,8,At Risk
CUST_01856,22,11,284962.06,4,4,4,12,Loyal Customers
CUST_01857,95,8,170791.69999999998,2,2,3,7,Lost
CUST_01858,30,11,153468.94,4,4,2,10,Loyal Customers
CUST_01859,14,8,108399.03,5,2,2,9,Promising
CUST_01860,23,13,289050.43,4,5,4,13,Champions
CUST_01861,26,13,702605.23,4,5,5,14,Champions
CUST_01862,37,14,267770.2,4,5,4,13,Champions
CUST_01863,113,16,219215.62,2,5,3,10,Loyal Customers
CUST_01864,40,8,81897.51,3,2,1,6,Potential Loyalists
CUST_01865,3,15,252240.78,5,5,4,14,Champions
CUST_01866,127,9,657523.39,1,2,5,8,Lost
CUST_01867,40,14,327731.74,3,5,4,12,Loyal Customers
CUST_01868,97,13,157444.52,2,5,2,9,At Risk
CUST_01869,60,10,96168.26,3,3,1,7,Potential Loyalists
CUST_01870,8,11,211663.91999999998,5,4,3,12,Loyal Customers
CUST_01871,24,8,168217.17,4,2,3,9,Promising
CUST_01872,10,5,209729.86,5,1,3,9,Promising
CUST_01873,49,3,81227.84,3,1,1,5,Potential Loyalists
CUST_01874,36,8,113162.89,4,2,2,8,Promising
CUST_01875,16,10,95056.59,5,3,1,9,Potential Loyalists
CUST_01876,42,12,186359.19,3,4,3,10,Loyal Customers
CUST_01877,126,10,270655.33999999997,1,3,4,8,Potential Loyalists
CUST_01878,212,8,212382.22,1,2,3,6,Lost
CUST_01879,14,6,109822.90000000001,5,1,2,8,Promising
CUST_01880,106,6,128628.58,2,1,2,5,Lost
CUST_01881,75,10,204409.41,2,3,3,8,Potential Loyalists
CUST_01882,83,7,325338.67,2,1,4,7,Lost
CUST_01883,5,8,67201.8,5,2,1,8,Promising
CUST_01884,64,5,451544.29,3,1,5,9,Potential Loyalists
CUST_01885,4,13,350924.99,5,5,5,15,Champions
CUST_01886,108,12,230920.87,2,4,3,9,At Risk
CUST_01887,118,9,425045.17000000004,2,2,5,9,Lost
CUST_01888,128,6,263679.73,1,1,4,6,Lost
CUST_01889,10,12,331500.3,5,4,4,13,Champions
CUST_01890,241,3,108236.03,1,1,2,4,Lost
CUST_01891,7,10,264787.19,5,3,4,12,Loyal Customers
CUST_01892,194,5,328271.54,1,1,4,6,Lost
CUST_01893,12,12,266165.79,5,4,4,13,Champions
CUST_01894,30,14,342280.02999999997,4,5,5,14,Champions
CUST_01895,69,11,175447.16,2,4,3,9,At Risk
CUST_01896,23,10,166084.38,4,3,3,10,Loyal Customers
CUST_01897,105,11,265330.83,2,4,4,10,Loyal Customers
CUST_01898,28,11,155046.88,4,4,2,10,Loyal Customers
CUST_01899,151,13,207020.43,1,5,3,9,At Risk
CUST_01900,324,6,71579.16,1,1,1,3,Lost
CUST_01901,20,6,192024.77999999997,4,1,3,8,Promising
CUST_01902,37,11,105870.37999999999,4,4,2,10,Loyal Customers
CUST_01903,54,10,166827.06,3,3,3,9,Potential Loyalists
CUST_01904,117,8,30051.909999999996,2,2,1,5,Lost
CUST_01905,165,4,19517.97,1,1,1,3,Lost
CUST_01906,114,20,192038.16,2,5,3,10,Loyal Customers
CUST_01907,32,5,26210.15,4,1,1,6,Promising
CUST_01908,95,7,33361.659999999996,2,1,1,4,Lost
CUST_01909,149,19,484133.0,1,5,5,11,Loyal Customers
CUST_01910,25,7,28695.72,4,1,1,6,Promising
CUST_01911,62,7,49429.57,3,1,1,5,Potential Loyalists
CUST_01912,51,11,114166.5,3,4,2,9,Potential Loyalists
CUST_01913,174,11,680448.42,1,4,5,10,Loyal Customers
CUST_01914,34,14,132658.21,4,5,2,11,Loyal Customers
CUST_01915,41,11,407957.69,3,4,5,12,Loyal Customers
CUST_01916,13,15,188393.03,5,5,3,13,Champions
CUST_01917,15,14,440166.39,5,5,5,15,Champions
CUST_01918,41,9,576431.41,3,2,5,10,Loyal Customers
CUST_01919,42,15,487336.23000000004,3,5,5,13,Champions
CUST_01920,111,9,77157.65,2,2,1,5,Lost
CUST_01921,70,12,389734.45999999996,2,4,5,11,Loyal Customers
CUST_01922,99,11,382346.87,2,4,5,11,Loyal Customers
CUST_01923,67,15,291865.1,3,5,4,12,Loyal Customers
CUST_01924,141,14,196945.63,1,5,3,9,At Risk
CUST_01925,52,16,251884.23,3,5,4,12,Loyal Customers
CUST_01926,22,9,38333.41,4,2,1,7,Promising
CUST_01927,290,7,54627.01,1,1,1,3,Lost
CUST_01928,69,8,168206.21,2,2,3,7,Lost
CUST_01929,64,17,433415.42000000004,3,5,5,13,Champions
CUST_01930,98,9,291145.86,2,2,4,8,Lost
CUST_01931,37,10,245019.94,4,3,4,11,Loyal Customers
CUST_01932,55,14,255370.55,3,5,4,12,Loyal Customers
CUST_01933,165,5,36517.96,1,1,1,3,Lost
CUST_01934,38,7,485194.2,4,1,5,10,Loyal Customers
CUST_01935,62,7,25685.440000000002,3,1,1,5,Potential Loyalists
CUST_01936,211,10,143370.93,1,3,2,6,Potential Loyalists
CUST_01937,8,10,100896.84,5,3,2,10,Loyal Customers
CUST_01938,101,10,241420.77,2,3,4,9,Potential Loyalists
CUST_01939,100,13,272375.11,2,5,4,11,Loyal Customers
CUST_01940,169,6,261425.68999999997,1,1,4,6,Lost
CUST_01941,272,8,121833.13,1,2,2,5,Lost
CUST_01942,12,9,97319.02,5,2,1,8,Promising
CUST_01943,323,9,197835.47,1,2,3,6,Lost
CUST_01944,179,8,144807.4,1,2,2,5,Lost
CUST_01945,219,5,41077.47,1,1,1,3,Lost
CUST_01946,320,9,102987.43000000001,1,2,2,5,Lost
CUST_01947,31,8,156981.31,4,2,2,8,Promising
CUST_01948,66,11,162108.13999999998,3,4,3,10,Loyal Customers
CUST_01949,25,10,216045.13,4,3,3,10,Loyal Customers
CUST_01950,26,11,176618.15999999997,4,4,3,11,Loyal Customers
CUST_01951,72,8,57661.86,2,2,1,5,Lost
CUST_01952,53,18,170737.34,3,5,3,11,Loyal Customers
CUST_01953,13,6,75010.8,5,1,1,7,Promising
CUST_01954,53,9,79139.43000000001,3,2,1,6,Potential Loyalists
CUST_01955,22,17,444940.5,4,5,5,14,Champions
CUST_01956,63,7,236214.36,3,1,4,8,Potential Loyalists
CUST_01957,43,9,376623.9,3,2,5,10,Loyal Customers
CUST_01958,114,8,171126.88,2,2,3,7,Lost
CUST_01959,18,13,278838.74,4,5,4,13,Champions
CUST_01960,17,11,212810.81,5,4,3,12,Loyal Customers
CUST_01961,59,12,123011.55,3,4,2,9,Potential Loyalists
CUST_01962,36,8,63185.06,4,2,1,7,Promising
CUST_01963,18,9,222988.33,4,2,3,9,Promising
CUST_01964,230,12,159125.1,1,4,3,8,At Risk
CUST_01965,63,11,182790.59,3,4,3,10,Loyal Customers
CUST_01966,176,6,142745.12,1,1,2,4,Lost
CUST_01967,80,7,55346.71000000001,2,1,1,4,Lost
CUST_01968,86,8,467819.83999999997,2,2,5,9,Lost
CUST_01969,16,10,58897.75,5,3,1,9,Potential Loyalists
CUST_01970,51,12,215957.17,3,4,3,10,Loyal Customers
CUST_01971,78,15,567531.73,2,5,5,12,Loyal Customers
CUST_01972,99,8,180217.98,2,2,3,7,Lost
CUST_01973,21,15,262058.12,4,5,4,13,Champions
CUST_01974,2,13,192285.06,5,5,3,13,Champions
CUST_01975,54,10,33811.48,3,3,1,7,Potential Loyalists
CUST_01976,4,10,603159.89,5,3,5,13,Champions
CUST_01977,22,11,335902.52,4,4,5,13,Champions
CUST_01978,27,10,146797.03,4,3,2,9,Potential Loyalists
CUST_01979,179,9,62485.22,1,2,1,4,Lost
CUST_01980,106,8,105387.85,2,2,2,6,Lost
CUST_01981,5,7,66227.33,5,1,1,7,Promising
CUST_01982,65,13,356585.94,3,5,5,13,Champions
CUST_01983,2,11,296232.57999999996,5,4,4,13,Champions
CUST_01984,13,9,292768.31999999995,5,2,4,11,Loyal Customers
CUST_01985,35,7,124243.37,4,1,2,7,Promising
CUST_01986,13,10,268047.19,5,3,4,12,Loyal Customers
CUST_01987,31,9,280455.43999999994,4,2,4,10,Loyal Customers
CUST_01988,18,14,267038.89,4,5,4,13,Champions
CUST_01989,141,11,170481.03,1,4,3,8,At Risk
CUST_01990,1,11,216498.66,5,4,3,12,Loyal Customers
CUST_01991,118,6,149512.91,2,1,2,5,Lost
CUST_01992,2,6,53312.78,5,1,1,7,Promising
CUST_01993,212,5,18532.72,1,1,1,3,Lost
CUST_01994,4,15,583661.63,5,5,5,15,Champions
CUST_01995,9,9,259027.3,5,2,4,11,Loyal Customers
CUST_01996,68,4,277970.27,2,1,4,7,Lost
CUST_01997,144,7,101207.18000000001,1,1,2,4,Lost
CUST_01998,43,20,570332.0,3,5,5,13,Champions
CUST_01999,37,12,203067.68,4,4,3,11,Loyal Customers
CUST_02000,286,8,206145.00999999998,1,2,3,6,Lost
CUST_02001,92,15,218677.87,2,5,3,10,Loyal Customers
CUST_02002,42,10,214104.3,3,3,3,9,Potential Loyalists
CUST_02003,54,12,364947.69,3,4,5,12,Loyal Customers
CUST_02004,212,9,400223.67,1,2,5,8,Lost
CUST_02005,126,10,177772.79,1,3,3,7,Potential Loyalists
CUST_02006,14,14,443133.37,5,5,5,15,Champions
CUST_02007,11,10,289497.21,5,3,4,12,Loyal Customers
CUST_02008,131,8,82497.38,1,2,1,4,Lost
CUST_02009,31,8,104113.94,4,2,2,8,Promising
CUST_02010,189,7,145475.66999999998,1,1,2,4,Lost
CUST_02011,21,10,56279.54,4,3,1,8,Potential Loyalists
CUST_02012,6,12,249664.88,5,4,4,13,Champions
CUST_02013,48,12,78904.91,3,4,1,8,Potential Loyalists
CUST_02014,179,8,136973.94,1,2,2,5,Lost
CUST_02015,52,12,345831.95,3,4,5,12,Loyal Customers
CUST_02016,13,11,68840.11,5,4,1,10,Loyal Customers
CUST_02017,66,11,360958.13,3,4,5,12,Loyal Customers
CUST_02018,117,6,68188.95,2,1,1,4,Lost
CUST_02019,47,16,304762.76,3,5,4,12,Loyal Customers
CUST_02020,199,6,60012.69,1,1,1,3,Lost
CUST_02021,184,6,416069.12,1,1,5,7,Lost
CUST_02022,16,11,102287.83,5,4,2,11,Loyal Customers
CUST_02023,8,9,122302.38,5,2,2,9,Promising
CUST_02024,89,8,374787.93,2,2,5,9,Lost
CUST_02025,18,8,261247.27000000002,4,2,4,10,Loyal Customers
CUST_02026,1,16,296920.8,5,5,4,14,Champions
CUST_02027,10,13,439138.91000000003,5,5,5,15,Champions
CUST_02028,34,15,90858.83,4,5,1,10,Loyal Customers
CUST_02029,26,8,170884.11000000002,4,2,3,9,Promising
CUST_02030,6,9,480306.14999999997,5,2,5,12,Loyal Customers
CUST_02031,143,8,96378.7,1,2,1,4,Lost
CUST_02032,60,8,112956.53,3,2,2,7,Potential Loyalists
CUST_02033,233,8,146669.6,1,2,2,5,Lost
CUST_02034,11,11,268429.32,5,4,4,13,Champions
CUST_02035,86,9,385228.28,2,2,5,9,Lost
CUST_02036,220,8,103341.54,1,2,2,5,Lost
CUST_02037,79,11,98411.17,2,4,1,7,At Risk
CUST_02038,40,17,295667.0,3,5,4,12,Loyal Customers
CUST_02039,316,8,281544.1,1,2,4,7,Lost
CUST_02040,21,9,220747.91,4,2,3,9,Promising
CUST_02041,127,6,81028.49,1,1,1,3,Lost
CUST_02042,115,9,61251.990000000005,2,2,1,5,Lost
CUST_02043,23,9,250009.12,4,2,4,10,Loyal Customers
CUST_02044,8,13,133051.58,5,5,2,12,Loyal Customers
CUST_02045,15,14,341038.69,5,5,5,15,Champions
CUST_02046,42,10,277800.04,3,3,4,10,Loyal Customers
CUST_02047,146,9,301340.12,1,2,4,7,Lost
CUST_02048,65,9,660997.08,3,2,5,10,Loyal Customers
CUST_02049,3,11,93332.53,5,4,1,10,Loyal Customers
CUST_02050,90,10,355159.29000000004,2,3,5,10,Loyal Customers
CUST_02051,13,15,384636.02999999997,5,5,5,15,Champions
CUST_02052,13,13,93128.95999999999,5,5,1,11,Loyal Customers
CUST_02053,10,18,297037.5,5,5,4,14,Champions
CUST_02054,171,7,85033.51,1,1,1,3,Lost
CUST_02055,87,9,296335.45,2,2,4,8,Lost
CUST_02056,3,10,158289.75,5,3,2,10,Loyal Customers
CUST_02057,123,9,154090.33,1,2,2,5,Lost
CUST_02058,18,11,324491.21,4,4,4,12,Loyal Customers
CUST_02059,31,11,345429.52999999997,4,4,5,13,Champions
CUST_02060,110,12,191715.82,2,4,3,9,At Risk
CUST_02061,10,7,281397.76,5,1,4,10,Loyal Customers
CUST_02062,13,9,83786.98,5,2,1,8,Promising
CUST_02063,114,11,427337.33999999997,2,4,5,11,Loyal Customers
CUST_02064,20,8,212580.93,4,2,3,9,Promising
CUST_02065,80,11,473707.8,2,4,5,11,Loyal Customers
CUST_02066,85,7,196736.80000000002,2,1,3,6,Lost
CUST_02067,131,6,213593.91999999998,1,1,3,5,Lost
CUST_02068,3,14,154002.22,5,5,2,12,Loyal Customers
CUST_02069,3,18,254016.77,5,5,4,14,Champions
CUST_02070,6,13,194075.98,5,5,3,13,Champions
CUST_02071,66,13,245211.87,3,5,4,12,Loyal Customers
CUST_02072,1,8,168194.89,5,2,3,10,Loyal Customers
CUST_02073,14,11,80775.38,5,4,1,10,Loyal Customers
CUST_02074,50,11,347864.13,3,4,5,12,Loyal Customers
CUST_02075,68,13,250410.12999999998,2,5,4,11,Loyal Customers
CUST_02076,134,6,143431.99,1,1,2,4,Lost
CUST_02077,116,13,518834.02999999997,2,5,5,12,Loyal Customers
CUST_02078,10,8,252012.81,5,2,4,11,Loyal Customers
CUST_02079,28,11,471338.55,4,4,5,13,Champions
CUST_02080,254,7,343315.13,1,1,5,7,Lost
CUST_02081,56,19,331113.02,3,5,4,12,Loyal Customers
CUST_02082,202,6,145733.16,1,1,2,4,Lost
CUST_02083,271,9,149303.68000000002,1,2,2,5,Lost
CUST_02084,44,10,284384.68,3,3,4,10,Loyal Customers
CUST_02085,386,6,38986.6,1,1,1,3,Lost
CUST_02086,189,6,42877.61,1,1,1,3,Lost
CUST_02087,53,12,80415.29000000001,3,4,1,8,Potential Loyalists
CUST_02088,36,16,234470.67,4,5,4,13,Champions
CUST_02089,30,14,347285.63,4,5,5,14,Champions
CUST_02090,105,9,316751.81000000006,2,2,4,8,Lost
CUST_02091,23,8,193196.28999999998,4,2,3,9,Promising
CUST_02092,60,12,246245.69999999998,3,4,4,11,Loyal Customers
CUST_02093,107,13,356702.14,2,5,5,12,Loyal Customers
CUST_02094,46,7,144450.32,3,1,2,6,Potential Loyalists
CUST_02095,15,11,362512.89999999997,5,4,5,14,Champions
CUST_02096,50,10,93571.87999999999,3,3,1,7,Potential Loyalists
CUST_02097,115,12,137869.05,2,4,2,8,At Risk
CUST_02098,33,14,287617.12,4,5,4,13,Champions
CUST_02099,21,12,91096.81999999999,4,4,1,9,Potential Loyalists
CUST_02100,41,8,234552.2,3,2,4,9,Potential Loyalists
CUST_02101,144,9,96748.62999999999,1,2,1,4,Lost
CUST_02102,176,6,292081.85,1,1,4,6,Lost
CUST_02103,44,6,43188.6,3,1,1,5,Potential Loyalists
CUST_02104,66,7,93974.21,3,1,1,5,Potential Loyalists
CUST_02105,62,9,38339.29,3,2,1,6,Potential Loyalists
CUST_02106,52,9,49015.439999999995,3,2,1,6,Potential Loyalists
CUST_02107,221,8,93770.13,1,2,1,4,Lost
CUST_02108,53,10,267705.66,3,3,4,10,Loyal Customers
CUST_02109,7,14,340954.08999999997,5,5,5,15,Champions
CUST_02110,66,5,36772.71,3,1,1,5,Potential Loyalists
CUST_02111,117,6,53387.79,2,1,1,4,Lost
CUST_02112,27,6,58491.42,4,1,1,6,Promising
CUST_02113,133,6,118958.73999999999,1,1,2,4,Lost
CUST_02114,3,12,270063.33,5,4,4,13,Champions
CUST_02115,43,8,22469.75,3,2,1,6,Potential Loyalists
CUST_02116,45,10,132276.28999999998,3,3,2,8,Potential Loyalists
CUST_02117,200,6,105278.29,1,1,2,4,Lost
CUST_02118,75,11,391214.19,2,4,5,11,Loyal Customers
CUST_02119,25,14,542103.1,4,5,5,14,Champions
CUST_02120,27,12,266764.55,4,4,4,12,Loyal Customers
CUST_02121,183,4,405253.58999999997,1,1,5,7,Lost
CUST_02122,22,11,465372.68000000005,4,4,5,13,Champions
CUST_02123,48,16,181086.01,3,5,3,11,Loyal Customers
CUST_02124,80,9,530928.1299999999,2,2,5,9,Lost
CUST_02125,186,8,106786.12,1,2,2,5,Lost
CUST_02126,173,9,458001.81,1,2,5,8,Lost
CUST_02127,23,8,120188.09,4,2,2,8,Promising
CUST_02128,83,11,339398.02,2,4,5,11,Loyal Customers
CUST_02129,5,9,349292.93,5,2,5,12,Loyal Customers
CUST_02130,88,14,207958.49,2,5,3,10,Loyal Customers
CUST_02131,18,15,297839.99,4,5,4,13,Champions
CUST_02132,103,9,215315.21999999997,2,2,3,7,Lost
CUST_02133,17,7,104165.97,5,1,2,8,Promising
CUST_02134,18,13,92374.2,4,5,1,10,Loyal Customers
CUST_02135,34,9,338370.97000000003,4,2,5,11,Loyal Customers
CUST_02136,125,10,255536.55,1,3,4,8,Potential Loyalists
CUST_02137,81,9,332997.39,2,2,5,9,Lost
CUST_02138,85,14,346890.16,2,5,5,12,Loyal Customers
CUST_02139,194,13,172796.02,1,5,3,9,At Risk
CUST_02140,59,13,210622.23,3,5,3,11,Loyal Customers
CUST_02141,62,6,54751.409999999996,3,1,1,5,Potential Loyalists
CUST_02142,169,12,148432.47999999998,1,4,2,7,At Risk
CUST_02143,61,6,12680.68,3,1,1,5,Potential Loyalists
CUST_02144,67,5,21992.14,3,1,1,5,Potential Loyalists
CUST_02145,2,11,167458.08000000002,5,4,3,12,Loyal Customers
CUST_02146,13,14,498271.8,5,5,5,15,Champions
CUST_02147,12,8,201144.2,5,2,3,10,Loyal Customers
CUST_02148,10,11,100022.98,5,4,2,11,Loyal Customers
CUST_02149,14,5,156161.17,5,1,2,8,Promising
CUST_02150,58,9,175781.78999999998,3,2,3,8,Potential Loyalists
CUST_02151,38,10,205898.34,4,3,3,10,Loyal Customers
CUST_02152,97,12,119926.92,2,4,2,8,At Risk
CUST_02153,172,9,341930.08999999997,1,2,5,8,Lost
CUST_02154,32,8,47271.090000000004,4,2,1,7,Promising
CUST_02155,1,11,291436.43,5,4,4,13,Champions
CUST_02156,65,15,557208.99,3,5,5,13,Champions
CUST_02157,141,6,90085.42,1,1,1,3,Lost
CUST_02158,45,16,299702.64,3,5,4,12,Loyal Customers
CUST_02159,13,9,92158.23,5,2,1,8,Promising
CUST_02160,31,17,667185.96,4,5,5,14,Champions
CUST_02161,90,8,288893.86,2,2,4,8,Lost
CUST_02162,11,9,66964.06999999999,5,2,1,8,Promising
CUST_02163,44,8,43526.659999999996,3,2,1,6,Potential Loyalists
CUST_02164,4,6,223652.52,5,1,3,9,Promising
CUST_02165,12,9,146281.4,5,2,2,9,Promising
CUST_02166,158,9,558752.43,1,2,5,8,Lost
CUST_02167,16,13,258464.18,5,5,4,14,Champions
CUST_02168,54,12,467791.78,3,4,5,12,Loyal Customers
CUST_02169,21,8,247386.73,4,2,4,10,Loyal Customers
CUST_02170,55,10,167743.95,3,3,3,9,Potential Loyalists
CUST_02171,90,7,52825.0,2,1,1,4,Lost
CUST_02172,55,9,739212.33,3,2,5,10,Loyal Customers
CUST_02173,19,13,138772.92,4,5,2,11,Loyal Customers
CUST_02174,16,14,249107.32,5,5,4,14,Champions
CUST_02175,2,10,126278.51999999999,5,3,2,10,Loyal Customers
CUST_02176,11,16,176510.61,5,5,3,13,Champions
CUST_02177,15,7,126443.49,5,1,2,8,Promising
CUST_02178,352,9,103468.26,1,2,2,5,Lost
CUST_02179,60,10,296586.95,3,3,4,10,Loyal Customers
CUST_02180,77,8,119825.98,2,2,2,6,Lost
CUST_02181,28,9,487800.1599999999,4,2,5,11,Loyal Customers
CUST_02182,169,13,652442.38,1,5,5,11,Loyal Customers
CUST_02183,11,10,179741.25999999998,5,3,3,11,Loyal Customers
CUST_02184,55,9,160609.51,3,2,3,8,Potential Loyalists
CUST_02185,80,11,207426.9,2,4,3,9,At Risk
CUST_02186,63,10,145815.03,3,3,2,8,Potential Loyalists
CUST_02187,38,12,305467.98,4,4,4,12,Loyal Customers
CUST_02188,31,11,137104.56,4,4,2,10,Loyal Customers
CUST_02189,25,12,282611.60000000003,4,4,4,12,Loyal Customers
CUST_02190,2,10,112705.73,5,3,2,10,Loyal Customers
CUST_02191,6,4,371874.36,5,1,5,11,Loyal Customers
CUST_02192,24,9,119294.90000000001,4,2,2,8,Promising
CUST_02193,96,10,95448.14,2,3,1,6,Potential Loyalists
CUST_02194,70,14,409289.82,2,5,5,12,Loyal Customers
CUST_02195,91,9,83731.34,2,2,1,5,Lost
CUST_02196,331,5,17489.57,1,1,1,3,Lost
CUST_02197,60,12,366528.89,3,4,5,12,Loyal Customers
CUST_02198,9,15,320033.75,5,5,4,14,Champions
CUST_02199,65,9,34672.54,3,2,1,6,Potential Loyalists
CUST_02200,38,14,386212.53,4,5,5,14,Champions
CUST_02201,83,15,332736.76,2,5,5,12,Loyal Customers
CUST_02202,49,11,246246.83000000002,3,4,4,11,Loyal Customers
CUST_02203,202,10,465206.81,1,3,5,9,Potential Loyalists
CUST_02204,195,6,36441.869999999995,1,1,1,3,Lost
CUST_02205,56,9,125130.87,3,2,2,7,Potential Loyalists
CUST_02206,162,7,137690.39,1,1,2,4,Lost
CUST_02207,100,13,405757.74,2,5,5,12,Loyal Customers
CUST_02208,118,14,108408.32999999999,2,5,2,9,At Risk
CUST_02209,8,8,97673.57,5,2,1,8,Promising
CUST_02210,53,10,144258.9,3,3,2,8,Potential Loyalists
CUST_02211,26,11,95383.31,4,4,1,9,Potential Loyalists
CUST_02212,1,14,259178.6,5,5,4,14,Champions
CUST_02213,120,10,253051.11000000002,1,3,4,8,Potential Loyalists
CUST_02214,30,12,445493.7,4,4,5,13,Champions
CUST_02215,94,7,133658.83000000002,2,1,2,5,Lost
CUST_02216,10,9,37998.47,5,2,1,8,Promising
CUST_02217,4,9,141483.14,5,2,2,9,Promising
CUST_02218,43,7,113907.78,3,1,2,6,Potential Loyalists
CUST_02219,28,14,116539.09,4,5,2,11,Loyal Customers
CUST_02220,255,6,189177.48,1,1,3,5,Lost
CUST_02221,79,11,437329.18,2,4,5,11,Loyal Customers
CUST_02222,250,3,13616.14,1,1,1,3,Lost
CUST_02223,65,5,24461.58,3,1,1,5,Potential Loyalists
CUST_02224,30,15,357638.31,4,5,5,14,Champions
CUST_02225,36,14,254385.71000000002,4,5,4,13,Champions
CUST_02226,184,6,81388.93,1,1,1,3,Lost
CUST_02227,56,9,511397.3,3,2,5,10,Loyal Customers
CUST_02228,4,11,762685.63,5,4,5,14,Champions
CUST_02229,72,5,90644.95,2,1,1,4,Lost
CUST_02230,65,12,258085.53,3,4,4,11,Loyal Customers
CUST_02231,96,7,118247.56999999999,2,1,2,5,Lost
CUST_02232,108,9,81854.46,2,2,1,5,Lost
CUST_02233,64,8,251035.92,3,2,4,9,Potential Loyalists
CUST_02234,29,9,177369.38,4,2,3,9,Promising
CUST_02235,133,10,269716.62,1,3,4,8,Potential Loyalists
CUST_02236,81,12,450043.55,2,4,5,11,Loyal Customers
CUST_02237,86,9,45550.85,2,2,1,5,Lost
CUST_02238,59,9,255076.81,3,2,4,9,Potential Loyalists
CUST_02239,33,13,271685.85,4,5,4,13,Champions
CUST_02240,39,14,301655.18,3,5,4,12,Loyal Customers
CUST_02241,7,10,224607.03,5,3,3,11,Loyal Customers
CUST_02242,68,8,244347.26,2,2,4,8,Lost
CUST_02243,20,8,63787.57,4,2,1,7,Promising
CUST_02244,32,10,176048.7,4,3,3,10,Loyal Customers
CUST_02245,147,8,114365.9,1,2,2,5,Lost
CUST_02246,10,8,265768.55,5,2,4,11,Loyal Customers
CUST_02247,49,7,36588.9,3,1,1,5,Potential Loyalists
CUST_02248,3,7,147764.24,5,1,2,8,Promising
CUST_02249,2,9,281489.81,5,2,4,11,Loyal Customers
CUST_02250,107,17,157010.43,2,5,2,9,At Risk
CUST_02251,236,9,95558.79,1,2,1,4,Lost
CUST_02252,7,10,211541.88999999998,5,3,3,11,Loyal Customers
CUST_02253,224,12,209666.97999999998,1,4,3,8,At Risk
CUST_02254,58,14,253810.11,3,5,4,12,Loyal Customers
CUST_02255,155,13,388133.35,1,5,5,11,Loyal Customers
CUST_02256,36,4,118679.24,4,1,2,7,Promising
CUST_02257,81,16,433769.31000000006,2,5,5,12,Loyal Customers
CUST_02258,96,10,99109.74,2,3,1,6,Potential Loyalists
CUST_02259,5,8,574716.0700000001,5,2,5,12,Loyal Customers
CUST_02260,158,8,139377.05,1,2,2,5,Lost
CUST_02261,110,6,54054.19,2,1,1,4,Lost
CUST_02262,10,10,470403.36,5,3,5,13,Champions
CUST_02263,90,13,317137.19,2,5,4,11,Loyal Customers
CUST_02264,38,10,252515.42,4,3,4,11,Loyal Customers
CUST_02265,49,14,187675.29,3,5,3,11,Loyal Customers
CUST_02266,284,7,34026.799999999996,1,1,1,3,Lost
CUST_02267,14,4,108247.73000000001,5,1,2,8,Promising
CUST_02268,248,10,225083.21,1,3,3,7,Potential Loyalists
CUST_02269,46,8,115459.29,3,2,2,7,Potential Loyalists
CUST_02270,33,8,240025.74,4,2,4,10,Loyal Customers
CUST_02271,2,15,226324.13,5,5,3,13,Champions
CUST_02272,2,10,417295.33999999997,5,3,5,13,Champions
CUST_02273,40,6,264433.68,3,1,4,8,Potential Loyalists
CUST_02274,43,10,351040.01,3,3,5,11,Loyal Customers
CUST_02275,75,8,138211.66,2,2,2,6,Lost
CUST_02276,68,14,314770.89999999997,2,5,4,11,Loyal Customers
CUST_02277,6,15,184464.24,5,5,3,13,Champions
CUST_02278,51,14,131834.18,3,5,2,10,Loyal Customers
CUST_02279,150,7,92981.52,1,1,1,3,Lost
CUST_02280,344,9,69565.02,1,2,1,4,Lost
CUST_02281,24,8,238170.98,4,2,4,10,Loyal Customers
CUST_02282,16,17,329700.51,5,5,4,14,Champions
CUST_02283,43,12,569610.31,3,4,5,12,Loyal Customers
CUST_02284,44,11,196969.22999999998,3,4,3,10,Loyal Customers
CUST_02285,141,15,868141.42,1,5,5,11,Loyal Customers
CUST_02286,52,8,66764.59,3,2,1,6,Potential Loyalists
CUST_02287,24,12,272741.76,4,4,4,12,Loyal Customers
CUST_02288,89,9,111312.64,2,2,2,6,Lost
CUST_02289,66,11,144679.86,3,4,2,9,Potential Loyalists
CUST_02290,42,8,83021.97,3,2,1,6,Potential Loyalists
CUST_02291,98,19,154396.47,2,5,2,9,At Risk
CUST_02292,47,10,405492.17000000004,3,3,5,11,Loyal Customers
CUST_02293,34,12,154949.48,4,4,2,10,Loyal Customers
CUST_02294,189,10,400391.83,1,3,5,9,Potential Loyalists
CUST_02295,5,14,555305.7100000001,5,5,5,15,Champions
CUST_02296,156,8,547320.95,1,2,5,8,Lost
CUST_02297,154,8,57555.3,1,2,1,4,Lost
CUST_02298,1,16,306082.0,5,5,4,14,Champions
CUST_02299,51,13,536765.5,3,5,5,13,Champions
CUST_02300,72,8,239730.95,2,2,4,8,Lost
CUST_02301,41,16,406406.11,3,5,5,13,Champions
CUST_02302,4,7,181902.59,5,1,3,9,Promising
CUST_02303,88,10,146353.94,2,3,2,7,Potential Loyalists
CUST_02304,258,6,64884.31,1,1,1,3,Lost
CUST_02305,68,9,401732.6,2,2,5,9,Lost
CUST_02306,67,12,119275.32,3,4,2,9,Potential Loyalists
CUST_02307,40,11,257612.31,3,4,4,11,Loyal Customers
CUST_02308,5,15,363251.09,5,5,5,15,Champions
CUST_02309,35,15,195644.79,4,5,3,12,Loyal Customers
CUST_02310,53,10,339278.52999999997,3,3,5,11,Loyal Customers
CUST_02311,81,11,174458.12,2,4,3,9,At Risk
CUST_02312,92,14,401298.46,2,5,5,12,Loyal Customers
CUST_02313,101,10,357058.18,2,3,5,10,Loyal Customers
CUST_02314,28,11,288354.25,4,4,4,12,Loyal Customers
CUST_02315,6,8,46266.69,5,2,1,8,Promising
CUST_02316,73,9,253387.65999999997,2,2,4,8,Lost
CUST_02317,69,9,223882.47,2,2,3,7,Lost
CUST_02318,78,15,352104.23,2,5,5,12,Loyal Customers
CUST_02319,37,8,299578.49,4,2,4,10,Loyal Customers
CUST_02320,6,13,422532.36,5,5,5,15,Champions
CUST_02321,12,7,209648.72999999998,5,1,3,9,Promising
CUST_02322,44,13,324361.02,3,5,4,12,Loyal Customers
CUST_02323,140,8,226516.72,1,2,3,6,Lost
CUST_02324,56,10,138670.76,3,3,2,8,Potential Loyalists
CUST_02325,85,12,444779.39,2,4,5,11,Loyal Customers
CUST_02326,5,9,172708.85,5,2,3,10,Loyal Customers
CUST_02327,159,8,168609.61000000002,1,2,3,6,Lost
CUST_02328,20,13,369252.66,4,5,5,14,Champions
CUST_02329,11,12,503285.56999999995,5,4,5,14,Champions
CUST_02330,208,16,277599.52999999997,1,5,4,10,Loyal Customers
CUST_02331,52,10,176297.6,3,3,3,9,Potential Loyalists
CUST_02332,8,8,86854.23999999999,5,2,1,8,Promising
CUST_02333,5,9,85755.92,5,2,1,8,Promising
CUST_02334,37,10,132471.43,4,3,2,9,Potential Loyalists
CUST_02335,28,8,62997.08,4,2,1,7,Promising
CUST_02336,96,10,515678.89999999997,2,3,5,10,Loyal Customers
CUST_02337,60,11,417221.5,3,4,5,12,Loyal Customers
CUST_02338,6,13,285931.66,5,5,4,14,Champions
CUST_02339,22,10,88591.37,4,3,1,8,Potential Loyalists
CUST_02340,145,6,62792.31999999999,1,1,1,3,Lost
CUST_02341,46,10,174746.79,3,3,3,9,Potential Loyalists
CUST_02342,71,9,357640.68,2,2,5,9,Lost
CUST_02343,80,7,342849.16,2,1,5,8,Lost
CUST_02344,95,10,324896.13,2,3,4,9,Potential Loyalists
CUST_02345,66,8,135372.91,3,2,2,7,Potential Loyalists
CUST_02346,43,7,157050.69,3,1,2,6,Potential Loyalists
CUST_02347,59,10,274058.43,3,3,4,10,Loyal Customers
CUST_02348,26,6,22812.87,4,1,1,6,Promising
CUST_02349,204,6,109833.95999999999,1,1,2,4,Lost
CUST_02350,21,16,109037.06,4,5,2,11,Loyal Customers
CUST_02351,38,9,359071.92,4,2,5,11,Loyal Customers
CUST_02352,85,8,109521.29000000001,2,2,2,6,Lost
CUST_02353,228,7,172366.72,1,1,3,5,Lost
CUST_02354,415,6,15107.19,1,1,1,3,Lost
CUST_02355,40,12,132585.8,3,4,2,9,Potential Loyalists
CUST_02356,72,12,420071.85,2,4,5,11,Loyal Customers
CUST_02357,37,11,575337.89,4,4,5,13,Champions
CUST_02358,32,14,436792.52,4,5,5,14,Champions
CUST_02359,69,12,243771.31999999998,2,4,4,10,Loyal Customers
CUST_02360,7,14,167781.24000000002,5,5,3,13,Champions
CUST_02361,51,6,202824.46,3,1,3,7,Potential Loyalists
CUST_02362,49,9,222672.83,3,2,3,8,Potential Loyalists
CUST_02363,41,11,110907.94,3,4,2,9,Potential Loyalists
CUST_02364,21,17,509046.69,4,5,5,14,Champions
CUST_02365,66,7,172707.9,3,1,3,7,Potential Loyalists
CUST_02366,93,8,381914.3,2,2,5,9,Lost
CUST_02367,73,5,42367.51,2,1,1,4,Lost
CUST_02368,55,8,144786.25,3,2,2,7,Potential Loyalists
CUST_02369,34,12,408421.62,4,4,5,13,Champions
CUST_02370,148,7,147983.18,1,1,2,4,Lost
CUST_02371,30,16,259002.97999999998,4,5,4,13,Champions
CUST_02372,48,13,317638.45999999996,3,5,4,12,Loyal Customers
CUST_02373,42,8,120983.33,3,2,2,7,Potential Loyalists
CUST_02374,27,8,237418.59,4,2,4,10,Loyal Customers
CUST_02375,391,6,61617.49,1,1,1,3,Lost
CUST_02376,102,10,73371.66,2,3,1,6,Potential Loyalists
CUST_02377,13,16,591163.8200000001,5,5,5,15,Champions
CUST_02378,9,14,688377.0399999999,5,5,5,15,Champions
CUST_02379,79,10,145534.58,2,3,2,7,Potential Loyalists
CUST_02380,233,8,95512.51,1,2,1,4,Lost
CUST_02381,151,9,131036.48000000001,1,2,2,5,Lost
CUST_02382,21,9,266501.54,4,2,4,10,Loyal Customers
CUST_02383,115,9,135067.08,2,2,2,6,Lost
CUST_02384,11,6,137235.23,5,1,2,8,Promising
CUST_02385,62,11,116602.87,3,4,2,9,Potential Loyalists
CUST_02386,24,8,154935.5,4,2,2,8,Promising
CUST_02387,79,8,203750.79,2,2,3,7,Lost
CUST_02388,95,7,128754.78,2,1,2,5,Lost
CUST_02389,86,9,286673.33999999997,2,2,4,8,Lost
CUST_02390,103,9,485106.98000000004,2,2,5,9,Lost
CUST_02391,69,14,296427.58999999997,2,5,4,11,Loyal Customers
CUST_02392,20,11,221859.08,4,4,3,11,Loyal Customers
CUST_02393,120,7,151200.03,1,1,2,4,Lost
CUST_02394,34,13,212461.33,4,5,3,12,Loyal Customers
CUST_02395,22,10,146956.43,4,3,2,9,Potential Loyalists
CUST_02396,27,10,109132.09,4,3,2,9,Potential Loyalists
CUST_02397,202,9,208896.09,1,2,3,6,Lost
CUST_02398,3,9,441479.35,5,2,5,12,Loyal Customers
CUST_02399,126,4,23057.0,1,1,1,3,Lost
CUST_02400,41,10,167343.98,3,3,3,9,Potential Loyalists
CUST_02401,22,13,240601.34,4,5,4,13,Champions
CUST_02402,154,6,445536.65,1,1,5,7,Lost
CUST_02403,49,9,387201.01,3,2,5,10,Loyal Customers
CUST_02404,6,17,512050.66,5,5,5,15,Champions
CUST_02405,6,11,331618.07,5,4,4,13,Champions
CUST_02406,12,12,296415.84,5,4,4,13,Champions
CUST_02407,270,9,723258.47,1,2,5,8,Lost
CUST_02408,109,10,153635.23,2,3,2,7,Potential Loyalists
CUST_02409,57,11,325622.11,3,4,4,11,Loyal Customers
CUST_02410,15,10,285856.85000000003,5,3,4,12,Loyal Customers
CUST_02411,117,11,302761.45,2,4,4,10,Loyal Customers
CUST_02412,11,9,131116.95,5,2,2,9,Promising
CUST_02413,34,9,58942.66,4,2,1,7,Promising
CUST_02414,72,10,102030.68,2,3,2,7,Potential Loyalists
CUST_02415,231,7,140187.16,1,1,2,4,Lost
CUST_02416,9,13,504959.12,5,5,5,15,Champions
CUST_02417,247,9,50358.75,1,2,1,4,Lost
CUST_02418,27,17,557797.87,4,5,5,14,Champions
CUST_02419,53,12,99749.25,3,4,2,9,Potential Loyalists
CUST_02420,429,7,183140.06,1,1,3,5,Lost
CUST_02421,94,6,103306.8,2,1,2,5,Lost
CUST_02422,2,8,77624.87999999999,5,2,1,8,Promising
CUST_02423,181,11,160212.19,1,4,3,8,At Risk
CUST_02424,79,8,385606.03,2,2,5,9,Lost
CUST_02425,9,11,72187.0,5,4,1,10,Loyal Customers
CUST_02426,67,8,246273.71,3,2,4,9,Potential Loyalists
CUST_02427,2,12,202507.05000000002,5,4,3,12,Loyal Customers
CUST_02428,71,7,216137.89,2,1,3,6,Lost
CUST_02429,59,9,182802.72999999998,3,2,3,8,Potential Loyalists
CUST_02430,5,11,227705.1,5,4,3,12,Loyal Customers
CUST_02431,113,12,271381.68,2,4,4,10,Loyal Customers
CUST_02432,109,9,173088.35,2,2,3,7,Lost
CUST_02433,45,8,170002.71,3,2,3,8,Potential Loyalists
CUST_02434,335,8,140553.08000000002,1,2,2,5,Lost
CUST_02435,23,8,23728.94,4,2,1,7,Promising
CUST_02436,49,10,246031.6,3,3,4,10,Loyal Customers
CUST_02437,101,9,54485.23,2,2,1,5,Lost
CUST_02438,90,5,90861.54,2,1,1,4,Lost
CUST_02439,219,7,118367.68000000001,1,1,2,4,Lost
CUST_02440,17,8,149898.38999999998,5,2,2,9,Promising
CUST_02441,86,9,216059.37,2,2,3,7,Lost
CUST_02442,187,8,141673.21,1,2,2,5,Lost
CUST_02443,123,8,65885.93,1,2,1,4,Lost
CUST_02444,66,7,147081.88999999998,3,1,2,6,Potential Loyalists
CUST_02445,13,13,76662.7,5,5,1,11,Loyal Customers
CUST_02446,7,19,512844.66000000003,5,5,5,15,Champions
CUST_02447,223,3,25780.79,1,1,1,3,Lost
CUST_02448,10,11,170434.27,5,4,3,12,Loyal Customers
CUST_02449,6,11,328566.93,5,4,4,13,Champions
CUST_02450,18,9,194334.4,4,2,3,9,Promising
CUST_02451,209,8,246700.11000000002,1,2,4,7,Lost
CUST_02452,28,13,367334.18,4,5,5,14,Champions
CUST_02453,25,9,254587.49,4,2,4,10,Loyal Customers
CUST_02454,5,11,147980.93,5,4,2,11,Loyal Customers
CUST_02455,23,9,146367.43,4,2,2,8,Promising
CUST_02456,17,13,324651.43,5,5,4,14,Champions
CUST_02457,16,9,305398.87,5,2,4,11,Loyal Customers
CUST_02458,36,10,194600.08,4,3,3,10,Loyal Customers
CUST_02459,15,10,251515.29,5,3,4,12,Loyal Customers
CUST_02460,41,7,370151.53,3,1,5,9,Potential Loyalists
CUST_02461,45,10,130694.04,3,3,2,8,Potential Loyalists
CUST_02462,51,16,414608.72000000003,3,5,5,13,Champions
CUST_02463,173,6,95193.87,1,1,1,3,Lost
CUST_02464,37,8,109403.4,4,2,2,8,Promising
CUST_02465,9,9,232618.43,5,2,4,11,Loyal Customers
CUST_02466,72,9,204325.38,2,2,3,7,Lost
CUST_02467,3,9,138072.38999999998,5,2,2,9,Promising
CUST_02468,185,7,125326.23999999999,1,1,2,4,Lost
CUST_02469,73,7,152237.72,2,1,2,5,Lost
CUST_02470,121,7,113951.34,1,1,2,4,Lost
CUST_02471,30,6,30501.219999999998,4,1,1,6,Promising
CUST_02472,47,9,120788.45,3,2,2,7,Potential Loyalists
CUST_02473,65,7,299909.2,3,1,4,8,Potential Loyalists
CUST_02474,16,16,178522.12,5,5,3,13,Champions
CUST_02475,5,15,583077.24,5,5,5,15,Champions
CUST_02476,67,10,116953.98999999999,3,3,2,8,Potential Loyalists
CUST_02477,68,12,200449.37,2,4,3,9,At Risk
CUST_02478,23,6,169463.75,4,1,3,8,Promising
CUST_02479,11,17,261709.76,5,5,4,14,Champions
CUST_02480,26,12,180778.52,4,4,3,11,Loyal Customers
CUST_02481,94,9,232498.58000000002,2,2,4,8,Lost
CUST_02482,147,13,274611.34,1,5,4,10,Loyal Customers
CUST_02483,29,12,282397.17000000004,4,4,4,12,Loyal Customers
CUST_02484,18,12,334548.77,4,4,5,13,Champions
CUST_02485,96,12,135925.93,2,4,2,8,At Risk
CUST_02486,322,4,15618.3,1,1,1,3,Lost
CUST_02487,25,9,98816.47,4,2,1,7,Promising
CUST_02488,150,9,123943.5,1,2,2,5,Lost
CUST_02489,233,9,56161.71,1,2,1,4,Lost
CUST_02490,166,10,269817.07,1,3,4,8,Potential Loyalists
CUST_02491,209,7,44995.8,1,1,1,3,Lost
CUST_02492,6,11,94949.73999999999,5,4,1,10,Loyal Customers
CUST_02493,44,8,102174.89,3,2,2,7,Potential Loyalists
CUST_02494,37,13,288516.20999999996,4,5,4,13,Champions
CUST_02495,10,7,150057.56,5,1,2,8,Promising
CUST_02496,169,7,77323.73,1,1,1,3,Lost
CUST_02497,38,11,428857.04,4,4,5,13,Champions
CUST_02498,53,8,103269.73,3,2,2,7,Potential Loyalists
CUST_02499,63,12,362350.53,3,4,5,12,Loyal Customers
CUST_02500,20,12,398143.69,4,4,5,13,Champions
CUST_02501,3,14,187834.43,5,5,3,13,Champions
CUST_02502,26,12,221850.71,4,4,3,11,Loyal Customers
CUST_02503,62,13,194349.72999999998,3,5,3,11,Loyal Customers
CUST_02504,177,9,175219.00999999998,1,2,3,6,Lost
CUST_02505,15,9,216462.14,5,2,3,10,Loyal Customers
CUST_02506,164,10,152649.28,1,3,2,6,Potential Loyalists
CUST_02507,62,14,286766.14,3,5,4,12,Loyal Customers
CUST_02508,208,10,155638.34,1,3,2,6,Potential Loyalists
CUST_02509,83,18,300544.08,2,5,4,11,Loyal Customers
CUST_02510,169,8,467878.73000000004,1,2,5,8,Lost
CUST_02511,140,8,213024.33,1,2,3,6,Lost
CUST_02512,37,17,412562.66000000003,4,5,5,14,Champions
CUST_02513,113,7,36885.799999999996,2,1,1,4,Lost
CUST_02514,25,14,300847.0,4,5,4,13,Champions
CUST_02515,28,14,253948.46,4,5,4,13,Champions
CUST_02516,154,7,55117.03,1,1,1,3,Lost
CUST_02517,38,9,181204.87,4,2,3,9,Promising
CUST_02518,41,10,92358.90000000001,3,3,1,7,Potential Loyalists
CUST_02519,73,14,151562.86,2,5,2,9,At Risk
CUST_02520,37,12,254874.45,4,4,4,12,Loyal Customers
CUST_02521,134,7,111993.15,1,1,2,4,Lost
CUST_02522,138,10,45033.020000000004,1,3,1,5,Potential Loyalists
CUST_02523,7,10,444208.88,5,3,5,13,Champions
CUST_02524,22,13,401632.06,4,5,5,14,Champions
CUST_02525,46,10,612979.74,3,3,5,11,Loyal Customers
CUST_02526,8,12,248947.45,5,4,4,13,Champions
CUST_02527,260,8,125676.62,1,2,2,5,Lost
CUST_02528,101,11,85184.63,2,4,1,7,At Risk
CUST_02529,163,12,404853.64,1,4,5,10,Loyal Customers
CUST_02530,37,6,32918.01,4,1,1,6,Promising
CUST_02531,35,10,313186.41,4,3,4,11,Loyal Customers
CUST_02532,86,7,197746.94,2,1,3,6,Lost
CUST_02533,32,8,25027.92,4,2,1,7,Promising
CUST_02534,29,11,228513.75,4,4,3,11,Loyal Customers
CUST_02535,91,10,369334.35,2,3,5,10,Loyal Customers
CUST_02536,46,10,520592.36,3,3,5,11,Loyal Customers
CUST_02537,26,9,246100.01,4,2,4,10,Loyal Customers
CUST_02538,20,15,343992.48,4,5,5,14,Champions
CUST_02539,208,6,201422.41999999998,1,1,3,5,Lost
CUST_02540,111,12,363581.67,2,4,5,11,Loyal Customers
CUST_02541,15,18,310856.16,5,5,4,14,Champions
CUST_02542,1,10,251155.5,5,3,4,12,Loyal Customers
CUST_02543,49,11,143627.21,3,4,2,9,Potential Loyalists
CUST_02544,427,6,399567.91000000003,1,1,5,7,Lost
CUST_02545,226,10,108747.95,1,3,2,6,Potential Loyalists
CUST_02546,20,11,132948.32,4,4,2,10,Loyal Customers
CUST_02547,59,11,514949.19,3,4,5,12,Loyal Customers
CUST_02548,39,9,91178.79000000001,3,2,1,6,Potential Loyalists
CUST_02549,20,10,101328.64,4,3,2,9,Potential Loyalists
CUST_02550,65,9,93175.62000000001,3,2,1,6,Potential Loyalists
CUST_02551,41,9,129062.33,3,2,2,7,Potential Loyalists
CUST_02552,39,8,109829.09,3,2,2,7,Potential Loyalists
CUST_02553,9,12,239938.63,5,4,4,13,Champions
CUST_02554,171,6,184484.39,1,1,3,5,Lost
CUST_02555,5,11,66346.29,5,4,1,10,Loyal Customers
CUST_02556,66,11,267616.08,3,4,4,11,Loyal Customers
CUST_02557,74,9,238942.26,2,2,4,8,Lost
CUST_02558,44,9,76078.48,3,2,1,6,Potential Loyalists
CUST_02559,34,17,742072.85,4,5,5,14,Champions
CUST_02560,6,9,106762.15,5,2,2,9,Promising
CUST_02561,42,8,292256.31,3,2,4,9,Potential Loyalists
CUST_02562,46,12,104415.25,3,4,2,9,Potential Loyalists
CUST_02563,38,10,184263.14,4,3,3,10,Loyal Customers
CUST_02564,53,9,389163.94999999995,3,2,5,10,Loyal Customers
CUST_02565,126,11,355283.08,1,4,5,10,Loyal Customers
CUST_02566,69,10,455913.63999999996,2,3,5,10,Loyal Customers
CUST_02567,27,5,150273.17,4,1,2,7,Promising
CUST_02568,74,9,42190.880000000005,2,2,1,5,Lost
CUST_02569,13,13,226152.79,5,5,3,13,Champions
CUST_02570,197,14,183865.49000000002,1,5,3,9,At Risk
CUST_02571,131,7,74627.41,1,1,1,3,Lost
CUST_02572,51,11,247596.83000000002,3,4,4,11,Loyal Customers
CUST_02573,102,3,29028.65,2,1,1,4,Lost
CUST_02574,31,7,34407.79,4,1,1,6,Promising
CUST_02575,29,12,464110.61,4,4,5,13,Champions
CUST_02576,65,12,342824.85,3,4,5,12,Loyal Customers
CUST_02577,15,10,401575.81,5,3,5,13,Champions
CUST_02578,313,9,407005.24,1,2,5,8,Lost
CUST_02579,174,7,238483.22000000003,1,1,4,6,Lost
CUST_02580,73,13,251112.02000000002,2,5,4,11,Loyal Customers
CUST_02581,184,7,226697.99,1,1,3,5,Lost
CUST_02582,120,7,65332.24,1,1,1,3,Lost
CUST_02583,43,11,231934.81,3,4,4,11,Loyal Customers
CUST_02584,73,14,243044.65000000002,2,5,4,11,Loyal Customers
CUST_02585,10,13,123328.64,5,5,2,12,Loyal Customers
CUST_02586,183,5,52969.6,1,1,1,3,Lost
CUST_02587,206,6,188991.72,1,1,3,5,Lost
CUST_02588,25,6,76916.33,4,1,1,6,Promising
CUST_02589,115,5,78556.95,2,1,1,4,Lost
CUST_02590,114,8,135944.22,2,2,2,6,Lost
CUST_02591,15,13,235953.03,5,5,4,14,Champions
CUST_02592,59,11,152405.05,3,4,2,9,Potential Loyalists
CUST_02593,54,13,204165.22,3,5,3,11,Loyal Customers
CUST_02594,163,9,116310.29,1,2,2,5,Lost
CUST_02595,89,12,166239.07,2,4,3,9,At Risk
CUST_02596,46,10,199955.48,3,3,3,9,Potential Loyalists
CUST_02597,73,11,144908.5,2,4,2,8,At Risk
CUST_02598,113,5,203619.91999999998,2,1,3,6,Lost
CUST_02599,98,15,157761.19999999998,2,5,2,9,At Risk
CUST_02600,2,18,374036.73,5,5,5,15,Champions
CUST_02601,2,9,54655.17,5,2,1,8,Promising
CUST_02602,54,11,142606.49,3,4,2,9,Potential Loyalists
CUST_02603,278,3,90003.01999999999,1,1,1,3,Lost
CUST_02604,11,13,393172.7,5,5,5,15,Champions
CUST_02605,151,10,217750.61000000002,1,3,3,7,Potential Loyalists
CUST_02606,271,6,170734.03,1,1,3,5,Lost
CUST_02607,2,9,366886.77,5,2,5,12,Loyal Customers
CUST_02608,179,7,186340.0,1,1,3,5,Lost
CUST_02609,53,6,50455.649999999994,3,1,1,5,Potential Loyalists
CUST_02610,107,10,192112.06,2,3,3,8,Potential Loyalists
CUST_02611,17,7,220128.08,5,1,3,9,Promising
CUST_02612,39,13,313786.04,3,5,4,12,Loyal Customers
CUST_02613,12,11,155035.91,5,4,2,11,Loyal Customers
CUST_02614,30,9,113424.92,4,2,2,8,Promising
CUST_02615,103,13,413122.36,2,5,5,12,Loyal Customers
CUST_02616,34,12,320886.69,4,4,4,12,Loyal Customers
CUST_02617,13,6,127490.95999999999,5,1,2,8,Promising
CUST_02618,25,11,179980.34,4,4,3,11,Loyal Customers
CUST_02619,258,6,246265.89,1,1,4,6,Lost
CUST_02620,47,11,150876.77,3,4,2,9,Potential Loyalists
CUST_02621,38,8,42815.18,4,2,1,7,Promising
CUST_02622,156,6,57491.89,1,1,1,3,Lost
CUST_02623,56,8,140192.82,3,2,2,7,Potential Loyalists
CUST_02624,3,12,262811.74,5,4,4,13,Champions
CUST_02625,141,7,95427.54000000001,1,1,1,3,Lost
CUST_02626,5,15,401166.82999999996,5,5,5,15,Champions
CUST_02627,200,3,32119.33,1,1,1,3,Lost
CUST_02628,5,10,268720.69,5,3,4,12,Loyal Customers
CUST_02629,18,12,180657.22,4,4,3,11,Loyal Customers
CUST_02630,166,11,113339.31999999999,1,4,2,7,At Risk
CUST_02631,50,12,91466.32,3,4,1,8,Potential Loyalists
CUST_02632,143,9,284618.38,1,2,4,7,Lost
CUST_02633,122,7,40858.15,1,1,1,3,Lost
CUST_02634,28,9,139049.87,4,2,2,8,Promising
CUST_02635,58,12,148711.66999999998,3,4,2,9,Potential Loyalists
CUST_02636,11,9,81867.97,5,2,1,8,Promising
CUST_02637,18,10,131966.58000000002,4,3,2,9,Potential Loyalists
CUST_02638,64,7,180731.8,3,1,3,7,Potential Loyalists
CUST_02639,16,7,277890.51,5,1,4,10,Loyal Customers
CUST_02640,111,11,231828.32,2,4,4,10,Loyal Customers
CUST_02641,12,9,221985.75,5,2,3,10,Loyal Customers
CUST_02642,97,8,279439.02,2,2,4,8,Lost
CUST_02643,53,9,114379.06,3,3,2,8,Potential Loyalists
CUST_02644,4,17,395505.48,5,5,5,15,Champions
CUST_02645,26,12,287012.18,4,4,4,12,Loyal Customers
CUST_02646,166,10,69446.55,1,3,1,5,Potential Loyalists
CUST_02647,14,9,333311.23,5,3,5,13,Champions
CUST_02648,54,11,139208.64,3,4,2,9,Potential Loyalists
CUST_02649,16,7,54675.03,5,1,1,7,Promising
CUST_02650,126,7,50364.17,1,1,1,3,Lost
CUST_02651,43,6,47712.94,3,1,1,5,Potential Loyalists
CUST_02652,295,7,37782.4,1,1,1,3,Lost
CUST_02653,50,10,160814.25,3,3,3,9,Potential Loyalists
CUST_02654,11,7,118675.36,5,1,2,8,Promising
CUST_02655,50,10,265607.66,3,3,4,10,Loyal Customers
CUST_02656,48,13,160684.08,3,5,3,11,Loyal Customers
CUST_02657,4,16,339874.85000000003,5,5,5,15,Champions
CUST_02658,78,7,159862.31,2,1,3,6,Lost
CUST_02659,63,10,139111.8,3,3,2,8,Potential Loyalists
CUST_02660,6,8,154783.18,5,2,2,9,Promising
CUST_02661,25,10,232312.04,4,3,4,11,Loyal Customers
CUST_02662,98,18,668330.88,2,5,5,12,Loyal Customers
CUST_02663,9,3,24070.95,5,1,1,7,Promising
CUST_02664,27,13,453436.0,4,5,5,14,Champions
CUST_02665,134,7,141353.39,1,1,2,4,Lost
CUST_02666,177,15,127983.13,1,5,2,8,At Risk
CUST_02667,103,10,606939.05,2,3,5,10,Loyal Customers
CUST_02668,114,13,220768.47,2,5,3,10,Loyal Customers
CUST_02669,10,5,192009.83,5,1,3,9,Promising
CUST_02670,85,11,286280.43,2,4,4,10,Loyal Customers
CUST_02671,13,15,268651.94,5,5,4,14,Champions
CUST_02672,39,13,75569.55,3,5,1,9,Potential Loyalists
CUST_02673,47,8,232814.92,3,2,4,9,Potential Loyalists
CUST_02674,47,8,150623.02,3,2,2,7,Potential Loyalists
CUST_02675,108,7,24573.72,2,1,1,4,Lost
CUST_02676,10,18,302050.47000000003,5,5,4,14,Champions
CUST_02677,32,12,218739.43,4,4,3,11,Loyal Customers
CUST_02678,16,9,212348.83,5,3,3,11,Loyal Customers
CUST_02679,160,5,78055.15,1,1,1,3,Lost
CUST_02680,31,11,115086.65000000001,4,4,2,10,Loyal Customers
CUST_02681,43,10,408560.73,3,3,5,11,Loyal Customers
CUST_02682,24,7,34236.28,4,1,1,6,Promising
CUST_02683,190,8,253012.28999999998,1,2,4,7,Lost
CUST_02684,58,6,140629.25,3,1,2,6,Potential Loyalists
CUST_02685,96,14,345220.85,2,5,5,12,Loyal Customers
CUST_02686,13,9,116306.73,5,3,2,10,Loyal Customers
CUST_02687,103,6,101931.66,2,1,2,5,Lost
CUST_02688,53,5,14275.01,3,1,1,5,Potential Loyalists
CUST_02689,27,8,29318.48,4,2,1,7,Promising
CUST_02690,18,11,293103.28,4,4,4,12,Loyal Customers
CUST_02691,56,7,159662.22,3,1,3,7,Potential Loyalists
CUST_02692,56,11,262129.16,3,4,4,11,Loyal Customers
CUST_02693,105,7,47765.54,2,1,1,4,Lost
CUST_02694,313,10,114360.48,1,3,2,6,Potential Loyalists
CUST_02695,24,14,222330.39,4,5,3,12,Loyal Customers
CUST_02696,115,11,648093.8,2,4,5,11,Loyal Customers
CUST_02697,5,10,103333.85,5,3,2,10,Loyal Customers
CUST_02698,33,6,25474.989999999998,4,1,1,6,Promising
CUST_02699,128,11,70404.38,1,4,1,6,At Risk
CUST_02700,53,9,194203.52000000002,3,3,3,9,Potential Loyalists
CUST_02701,20,12,262753.52,4,4,4,12,Loyal Customers
CUST_02702,113,9,59531.91,2,3,1,6,Potential Loyalists
CUST_02703,139,8,212092.55,1,2,3,6,Lost
CUST_02704,116,11,281927.17,2,4,4,10,Loyal Customers
CUST_02705,163,10,284709.31,1,3,4,8,Potential Loyalists
CUST_02706,56,13,470841.34,3,5,5,13,Champions
CUST_02707,34,8,190450.57,4,2,3,9,Promising
CUST_02708,143,9,211019.38,1,3,3,7,Potential Loyalists
CUST_02709,95,8,66140.23,2,2,1,5,Lost
CUST_02710,7,9,458669.41,5,3,5,13,Champions
CUST_02711,2,7,254857.32,5,1,4,10,Loyal Customers
CUST_02712,106,11,122504.22,2,4,2,8,At Risk
CUST_02713,230,6,258625.86,1,1,4,6,Lost
CUST_02714,41,10,282913.8,3,3,4,10,Loyal Customers
CUST_02715,7,8,94026.61,5,2,1,8,Promising
CUST_02716,90,15,233263.01,2,5,4,11,Loyal Customers
CUST_02717,211,10,110595.31999999999,1,3,2,6,Potential Loyalists
CUST_02718,187,15,191634.0,1,5,3,9,At Risk
CUST_02719,63,10,197486.64,3,3,3,9,Potential Loyalists
CUST_02720,123,11,182854.81,1,4,3,8,At Risk
CUST_02721,6,15,233327.31,5,5,4,14,Champions
CUST_02722,204,7,263224.01,1,1,4,6,Lost
CUST_02723,36,13,359970.08,4,5,5,14,Champions
CUST_02724,274,4,26629.690000000002,1,1,1,3,Lost
CUST_02725,22,11,275544.01,4,4,4,12,Loyal Customers
CUST_02726,24,9,71728.56,4,3,1,8,Potential Loyalists
CUST_02727,115,18,911094.12,2,5,5,12,Loyal Customers
CUST_02728,19,9,38830.93,4,3,1,8,Potential Loyalists
CUST_02729,60,8,162713.74,3,2,3,8,Potential Loyalists
CUST_02730,22,14,265114.88,4,5,4,13,Champions
CUST_02731,219,9,200027.3,1,3,3,7,Potential Loyalists
CUST_02732,81,6,105225.01,2,1,2,5,Lost
CUST_02733,449,6,76772.01000000001,1,1,1,3,Lost
CUST_02734,223,7,166016.26,1,1,3,5,Lost
CUST_02735,94,7,324358.97,2,1,4,7,Lost
CUST_02736,70,13,557103.28,2,5,5,12,Loyal Customers
CUST_02737,32,9,444365.6,4,3,5,12,Loyal Customers
CUST_02738,104,5,140028.24,2,1,2,5,Lost
CUST_02739,85,14,134353.34,2,5,2,9,At Risk
CUST_02740,20,11,572663.78,4,4,5,13,Champions
CUST_02741,69,10,235644.59999999998,2,3,4,9,Potential Loyalists
CUST_02742,27,6,49887.229999999996,4,1,1,6,Promising
CUST_02743,161,7,134406.58000000002,1,1,2,4,Lost
CUST_02744,78,11,273443.33,2,4,4,10,Loyal Customers
CUST_02745,178,11,73702.53,1,4,1,6,At Risk
CUST_02746,38,12,326610.06,4,4,4,12,Loyal Customers
CUST_02747,15,14,347273.98,5,5,5,15,Champions
CUST_02748,166,3,1507.71,1,1,1,3,Lost
CUST_02749,26,8,245119.22000000003,4,2,4,10,Loyal Customers
CUST_02750,63,10,543221.67,3,3,5,11,Loyal Customers
CUST_02751,49,8,73595.72,3,2,1,6,Potential Loyalists
CUST_02752,15,11,410586.18,5,4,5,14,Champions
CUST_02753,48,14,245950.73,3,5,4,12,Loyal Customers
CUST_02754,102,11,83078.61,2,4,1,7,At Risk
CUST_02755,78,10,284886.3,2,3,4,9,Potential Loyalists
CUST_02756,252,7,73432.39,1,1,1,3,Lost
CUST_02757,13,10,105054.58,5,3,2,10,Loyal Customers
CUST_02758,28,12,433716.9,4,4,5,13,Champions
CUST_02759,68,12,86178.61,2,4,1,7,At Risk
CUST_02760,191,9,251429.62,1,3,4,8,Potential Loyalists
CUST_02761,117,6,63659.93,2,1,1,4,Lost
CUST_02762,9,7,249164.31,5,1,4,10,Loyal Customers
CUST_02763,58,9,121766.39,3,3,2,8,Potential Loyalists
CUST_02764,44,11,164616.23,3,4,3,10,Loyal Customers
CUST_02765,59,10,103549.59,3,3,2,8,Potential Loyalists
CUST_02766,11,9,186345.36000000002,5,3,3,11,Loyal Customers
CUST_02767,20,4,93119.59,4,1,1,6,Promising
CUST_02768,81,15,203879.51,2,5,3,10,Loyal Customers
CUST_02769,2,11,335169.36,5,4,5,14,Champions
CUST_02770,105,8,152417.28999999998,2,2,2,6,Lost
CUST_02771,13,4,31454.839999999997,5,1,1,7,Promising
CUST_02772,3,16,460915.86,5,5,5,15,Champions
CUST_02773,17,12,269816.76,5,4,4,13,Champions
CUST_02774,122,11,321914.18,1,4,4,9,At Risk
CUST_02775,41,8,142501.9,3,2,2,7,Potential Loyalists
CUST_02776,40,10,286032.37,3,3,4,10,Loyal Customers
CUST_02777,40,12,402867.58,3,4,5,12,Loyal Customers
CUST_02778,159,3,41358.45,1,1,1,3,Lost
CUST_02779,72,11,130877.52,2,4,2,8,At Risk
CUST_02780,34,11,251630.58000000002,4,4,4,12,Loyal Customers
CUST_02781,110,8,190129.75,2,2,3,7,Lost
CUST_02782,114,13,394074.17000000004,2,5,5,12,Loyal Customers
CUST_02783,64,8,24033.2,3,2,1,6,Potential Loyalists
CUST_02784,38,9,120354.88,4,3,2,9,Potential Loyalists
CUST_02785,174,9,366131.71,1,3,5,9,Potential Loyalists
CUST_02786,126,9,36052.02,1,3,1,5,Potential Loyalists
CUST_02787,14,10,631361.34,5,3,5,13,Champions
CUST_02788,53,12,193863.21,3,4,3,10,Loyal Customers
CUST_02789,197,10,148476.28999999998,1,3,2,6,Potential Loyalists
CUST_02790,90,7,260369.43,2,1,4,7,Lost
CUST_02791,79,12,189223.23,2,4,3,9,At Risk
CUST_02792,36,10,154933.61000000002,4,3,2,9,Potential Loyalists
CUST_02793,194,7,161055.46,1,1,3,5,Lost
CUST_02794,93,9,330256.76,2,3,4,9,Potential Loyalists
CUST_02795,54,12,46142.67,3,4,1,8,Potential Loyalists
CUST_02796,30,7,119600.06,4,1,2,7,Promising
CUST_02797,47,8,201684.19,3,2,3,8,Potential Loyalists
CUST_02798,107,9,335130.31999999995,2,3,5,10,Loyal Customers
CUST_02799,105,5,137356.28,2,1,2,5,Lost
CUST_02800,152,4,51636.09,1,1,1,3,Lost
CUST_02801,22,8,42302.82,4,2,1,7,Promising
CUST_02802,222,6,190730.63,1,1,3,5,Lost
CUST_02803,25,11,487633.77,4,4,5,13,Champions
CUST_02804,14,8,87511.52,5,2,1,8,Promising
CUST_02805,23,12,38265.89,4,4,1,9,Potential Loyalists
CUST_02806,29,9,135069.38,4,3,2,9,Potential Loyalists
CUST_02807,5,7,145513.05,5,1,2,8,Promising
CUST_02808,9,10,171383.67,5,3,3,11,Loyal Customers
CUST_02809,8,15,293969.95,5,5,4,14,Champions
CUST_02810,16,11,490197.53,5,4,5,14,Champions
CUST_02811,54,11,366208.82,3,4,5,12,Loyal Customers
CUST_02812,17,12,345607.1,5,4,5,14,Champions
CUST_02813,84,10,238777.2,2,3,4,9,Potential Loyalists
CUST_02814,90,9,63045.78999999999,2,3,1,6,Potential Loyalists
CUST_02815,53,8,247146.25,3,2,4,9,Potential Loyalists
CUST_02816,15,12,453090.43,5,4,5,14,Champions
CUST_02817,86,10,148592.69,2,3,2,7,Potential Loyalists
CUST_02818,372,6,223957.52,1,1,3,5,Lost
CUST_02819,40,11,229932.37,3,4,3,10,Loyal Customers
CUST_02820,41,9,77150.81,3,3,1,7,Potential Loyalists
CUST_02821,2,12,523719.43,5,4,5,14,Champions
CUST_02822,19,8,286688.68,4,2,4,10,Loyal Customers
CUST_02823,97,13,283433.08,2,5,4,11,Loyal Customers
CUST_02824,31,19,586554.49,4,5,5,14,Champions
CUST_02825,70,9,99561.52,2,3,2,7,Potential Loyalists
CUST_02826,17,14,469048.1,5,5,5,15,Champions
CUST_02827,35,10,132652.2,4,3,2,9,Potential Loyalists
CUST_02828,36,11,229296.6,4,4,3,11,Loyal Customers
CUST_02829,2,9,182659.05,5,3,3,11,Loyal Customers
CUST_02830,13,6,159390.23,5,1,3,9,Promising
CUST_02831,37,12,65402.55,4,4,1,9,Potential Loyalists
CUST_02832,6,15,441199.23,5,5,5,15,Champions
CUST_02833,26,11,71604.96,4,4,1,9,Potential Loyalists
CUST_02834,47,11,63784.8,3,4,1,8,Potential Loyalists
CUST_02835,355,2,137361.05,1,1,2,4,Lost
CUST_02836,90,9,156522.80000000002,2,3,2,7,Potential Loyalists
CUST_02837,63,11,202354.41,3,4,3,10,Loyal Customers
CUST_02838,163,7,52306.76,1,1,1,3,Lost
CUST_02839,30,12,157677.13,4,4,2,10,Loyal Customers
CUST_02840,19,11,69768.97,4,4,1,9,Potential Loyalists
CUST_02841,10,15,232122.66999999998,5,5,4,14,Champions
CUST_02842,71,7,131342.86,2,1,2,5,Lost
CUST_02843,47,13,370984.95,3,5,5,13,Champions
CUST_02844,24,10,138363.39,4,3,2,9,Potential Loyalists
CUST_02845,99,9,325692.06,2,3,4,9,Potential Loyalists
CUST_02846,47,6,129788.29,3,1,2,6,Potential Loyalists
CUST_02847,131,11,294114.82999999996,1,4,4,9,At Risk
CUST_02848,23,9,236578.58999999997,4,3,4,11,Loyal Customers
CUST_02849,39,10,130172.73,3,3,2,8,Potential Loyalists
CUST_02850,13,9,222743.21,5,3,3,11,Loyal Customers
CUST_02851,23,13,157598.34000000003,4,5,2,11,Loyal Customers
CUST_02852,6,11,267577.7,5,4,4,13,Champions
CUST_02853,81,9,190041.98,2,3,3,8,Potential Loyalists
CUST_02854,114,6,47342.72,2,1,1,4,Lost
CUST_02855,105,7,168164.28,2,1,3,6,Lost
CUST_02856,55,13,474438.45999999996,3,5,5,13,Champions
CUST_02857,6,13,211930.05,5,5,3,13,Champions
CUST_02858,7,12,444695.65,5,4,5,14,Champions
CUST_02859,249,11,77057.34,1,4,1,6,At Risk
CUST_02860,71,12,435507.85,2,4,5,11,Loyal Customers
CUST_02861,106,9,152378.76,2,3,2,7,Potential Loyalists
CUST_02862,30,10,194632.63999999998,4,3,3,10,Loyal Customers
CUST_02863,66,8,101709.95999999999,3,2,2,7,Potential Loyalists
CUST_02864,4,15,442945.25,5,5,5,15,Champions
CUST_02865,99,10,225198.21,2,3,3,8,Potential Loyalists
CUST_02866,44,12,100618.20999999999,3,4,2,9,Potential Loyalists
CUST_02867,28,13,166305.84,4,5,3,12,Loyal Customers
CUST_02868,75,5,60497.22,2,1,1,4,Lost
CUST_02869,87,8,185886.90000000002,2,2,3,7,Lost
CUST_02870,16,12,261633.88,5,4,4,13,Champions
CUST_02871,70,7,81915.48,2,1,1,4,Lost
CUST_02872,127,11,258756.91,1,4,4,9,At Risk
CUST_02873,34,8,348023.82000000007,4,2,5,11,Loyal Customers
CUST_02874,99,6,189350.97,2,1,3,6,Lost
CUST_02875,161,5,281360.07,1,1,4,6,Lost
CUST_02876,168,11,280102.12,1,4,4,9,At Risk
CUST_02877,59,13,268962.92,3,5,4,12,Loyal Customers
CUST_02878,228,15,211387.65,1,5,3,9,At Risk
CUST_02879,10,11,225271.78,5,4,3,12,Loyal Customers
CUST_02880,8,14,583832.09,5,5,5,15,Champions
CUST_02881,26,5,64082.14,4,1,1,6,Promising
CUST_02882,165,12,196624.91999999998,1,4,3,8,At Risk
CUST_02883,39,8,188320.78,3,2,3,8,Potential Loyalists
CUST_02884,115,11,97141.52,2,4,1,7,At Risk
CUST_02885,93,7,98322.52,2,1,1,4,Lost
CUST_02886,43,13,429939.46,3,5,5,13,Champions
CUST_02887,53,12,309554.95999999996,3,4,4,11,Loyal Customers
CUST_02888,6,7,66172.75,5,1,1,7,Promising
CUST_02889,21,8,153240.88,4,2,2,8,Promising
CUST_02890,51,11,170867.35,3,4,3,10,Loyal Customers
CUST_02891,228,9,505264.10000000003,1,3,5,9,Potential Loyalists
CUST_02892,104,6,23905.920000000002,2,1,1,4,Lost
CUST_02893,45,15,260687.46999999997,3,5,4,12,Loyal Customers
CUST_02894,28,14,113277.05,4,5,2,11,Loyal Customers
CUST_02895,14,15,128809.03,5,5,2,12,Loyal Customers
CUST_02896,47,10,174802.52,3,3,3,9,Potential Loyalists
CUST_02897,110,12,310546.95,2,4,4,10,Loyal Customers
CUST_02898,1,13,155181.04,5,5,2,12,Loyal Customers
CUST_02899,67,10,207929.63999999998,3,3,3,9,Potential Loyalists
CUST_02900,102,13,220833.61,2,5,3,10,Loyal Customers
CUST_02901,16,8,122893.13999999998,5,2,2,9,Promising
CUST_02902,196,5,78633.0,1,1,1,3,Lost
CUST_02903,7,13,220362.08000000002,5,5,3,13,Champions
CUST_02904,109,8,357661.93999999994,2,2,5,9,Lost
CUST_02905,13,8,124397.23000000001,5,2,2,9,Promising
CUST_02906,5,13,354001.1,5,5,5,15,Champions
CUST_02907,4,15,273555.58999999997,5,5,4,14,Champions
CUST_02908,74,8,221795.93,2,2,3,7,Lost
CUST_02909,65,10,151659.1,3,3,2,8,Potential Loyalists
CUST_02910,32,9,376526.91000000003,4,3,5,12,Loyal Customers
CUST_02911,22,10,51808.37,4,3,1,8,Potential Loyalists
CUST_02912,182,7,179043.5,1,1,3,5,Lost
CUST_02913,75,10,125440.31,2,3,2,7,Potential Loyalists
CUST_02914,391,7,52045.159999999996,1,1,1,3,Lost
CUST_02915,55,9,235623.01,3,3,4,10,Loyal Customers
CUST_02916,26,5,201895.16,4,1,3,8,Promising
CUST_02917,10,14,132965.18,5,5,2,12,Loyal Customers
CUST_02918,36,11,133284.50999999998,4,4,2,10,Loyal Customers
CUST_02919,245,4,76533.23999999999,1,1,1,3,Lost
CUST_02920,144,10,73754.89,1,3,1,5,Potential Loyalists
CUST_02921,4,11,608669.22,5,4,5,14,Champions
CUST_02922,12,6,139919.8,5,1,2,8,Promising
CUST_02923,188,3,28760.550000000003,1,1,1,3,Lost
CUST_02924,267,3,22636.600000000002,1,1,1,3,Lost
CUST_02925,107,7,65113.630000000005,2,1,1,4,Lost
CUST_02926,17,12,261330.63,5,4,4,13,Champions
CUST_02927,38,10,108746.69,4,3,2,9,Potential Loyalists
CUST_02928,1,14,64353.89,5,5,1,11,Loyal Customers
CUST_02929,88,6,113234.84999999999,2,1,2,5,Lost
CUST_02930,132,12,86160.44,1,4,1,6,At Risk
CUST_02931,127,9,261537.56999999998,1,3,4,8,Potential Loyalists
CUST_02932,32,3,127843.69,4,1,2,7,Promising
CUST_02933,14,16,227037.68,5,5,3,13,Champions
CUST_02934,105,16,272743.1,2,5,4,11,Loyal Customers
CUST_02935,41,6,159793.66999999998,3,1,3,7,Potential Loyalists
CUST_02936,20,11,66708.70999999999,4,4,1,9,Potential Loyalists
CUST_02937,57,7,228624.66,3,1,3,7,Potential Loyalists
CUST_02938,85,11,425668.16,2,4,5,11,Loyal Customers
CUST_02939,35,4,8685.83,4,1,1,6,Promising
CUST_02940,63,8,82783.05,3,2,1,6,Potential Loyalists
CUST_02941,10,11,98176.65999999999,5,4,1,10,Loyal Customers
CUST_02942,49,10,218144.4,3,3,3,9,Potential Loyalists
CUST_02943,4,7,22636.739999999998,5,1,1,7,Promising
CUST_02944,28,10,204062.97,4,3,3,10,Loyal Customers
CUST_02945,77,15,347333.52999999997,2,5,5,12,Loyal Customers
CUST_02946,3,11,138566.25,5,4,2,11,Loyal Customers
CUST_02947,18,8,143996.6,4,2,2,8,Promising
CUST_02948,408,6,155069.97,1,1,2,4,Lost
CUST_02949,108,10,226926.58,2,3,3,8,Potential Loyalists
CUST_02950,69,8,52922.479999999996,2,2,1,5,Lost
CUST_02951,37,11,127794.14,4,4,2,10,Loyal Customers
CUST_02952,5,16,386965.89,5,5,5,15,Champions
CUST_02953,2,10,234551.9,5,3,4,12,Loyal Customers
CUST_02954,44,10,222182.7,3,3,3,9,Potential Loyalists
CUST_02955,56,9,192290.9,3,3,3,9,Potential Loyalists
CUST_02956,5,7,129397.54999999999,5,1,2,8,Promising
CUST_02957,119,8,341807.91000000003,2,2,5,9,Lost
CUST_02958,190,7,357612.68,1,1,5,7,Lost
CUST_02959,72,6,82208.18000000001,2,1,1,4,Lost
CUST_02960,9,9,109980.82999999999,5,3,2,10,Loyal Customers
CUST_02961,84,11,237634.44999999998,2,4,4,10,Loyal Customers
CUST_02962,54,7,158670.85,3,1,2,6,Potential Loyalists
CUST_02963,83,14,288188.38,2,5,4,11,Loyal Customers
CUST_02964,38,6,74054.97,4,1,1,6,Promising
CUST_02965,25,11,428708.08,4,4,5,13,Champions
CUST_02966,79,13,143934.33000000002,2,5,2,9,At Risk
CUST_02967,14,16,272964.47000000003,5,5,4,14,Champions
CUST_02968,61,14,436467.89999999997,3,5,5,13,Champions
CUST_02969,87,7,114387.16,2,1,2,5,Lost
CUST_02970,70,14,524189.73000000004,2,5,5,12,Loyal Customers
CUST_02971,50,11,135195.5,3,4,2,9,Potential Loyalists
CUST_02972,110,8,127856.37,2,2,2,6,Lost
CUST_02973,87,9,117123.76000000001,2,3,2,7,Potential Loyalists
CUST_02974,11,10,246405.31,5,3,4,12,Loyal Customers
CUST_02975,63,9,104222.87,3,3,2,8,Potential Loyalists
CUST_02976,3,11,330520.8,5,4,4,13,Champions
CUST_02977,24,13,628380.62,4,5,5,14,Champions
CUST_02978,43,10,272160.89,3,3,4,10,Loyal Customers
CUST_02979,10,8,545571.7100000001,5,2,5,12,Loyal Customers
CUST_02980,291,4,70394.87,1,1,1,3,Lost
CUST_02981,53,12,389936.96,3,4,5,12,Loyal Customers
CUST_02982,84,11,75435.74,2,4,1,7,At Risk
CUST_02983,95,8,74143.98,2,2,1,5,Lost
CUST_02984,94,10,165039.69999999998,2,3,3,8,Potential Loyalists
CUST_02985,2,13,257735.0,5,5,4,14,Champions
CUST_02986,91,9,172158.15,2,3,3,8,Potential Loyalists
CUST_02987,513,1,3969.93,1,1,1,3,Lost
CUST_02988,11,13,321754.9,5,5,4,14,Champions
CUST_02989,10,14,412629.52,5,5,5,15,Champions
CUST_02990,24,6,96497.63,4,1,1,6,Promising
CUST_02991,65,12,386125.01,3,4,5,12,Loyal Customers
CUST_02992,6,8,96636.58,5,2,1,8,Promising
CUST_02993,171,12,245929.18,1,4,4,9,At Risk
CUST_02994,42,8,543290.89,3,2,5,10,Loyal Customers
CUST_02995,258,9,308635.06,1,3,4,8,Potential Loyalists
CUST_02996,132,14,198024.85,1,5,3,9,At Risk
CUST_02997,28,11,267193.87,4,4,4,12,Loyal Customers
CUST_02998,16,5,51874.27,5,1,1,7,Promising
CUST_02999,90,11,285415.37,2,4,4,10,Loyal Customers
CUST_03000,55,4,333110.26,3,1,5,9,Potential Loyalists
CUST_03001,4,11,270114.08,5,4,4,13,Champions
CUST_03002,51,9,102994.72,3,3,2,8,Potential Loyalists
CUST_03003,115,6,223813.81,2,1,3,6,Lost
CUST_03004,2,7,52108.07,5,1,1,7,Promising
CUST_03005,21,9,247475.76,4,3,4,11,Loyal Customers
CUST_03006,65,12,333681.67,3,4,5,12,Loyal Customers
CUST_03007,4,9,282321.92,5,3,4,12,Loyal Customers
CUST_03008,68,10,269135.49,2,3,4,9,Potential Loyalists
CUST_03009,68,10,359021.19,2,3,5,10,Loyal Customers
CUST_03010,3,7,202410.55000000002,5,1,3,9,Promising
CUST_03011,113,10,227663.84999999998,2,3,3,8,Potential Loyalists
CUST_03012,46,6,60026.91,3,1,1,5,Potential Loyalists
CUST_03013,21,18,596087.49,4,5,5,14,Champions
CUST_03014,36,5,50956.95,4,1,1,6,Promising
CUST_03015,11,11,165578.66999999998,5,4,3,12,Loyal Customers
CUST_03016,41,12,87392.55,3,4,1,8,Potential Loyalists
CUST_03017,17,7,134283.1,5,1,2,8,Promising
CUST_03018,11,11,287697.13,5,4,4,13,Champions
CUST_03019,51,7,106479.81,3,1,2,6,Potential Loyalists
CUST_03020,25,9,278616.11,4,3,4,11,Loyal Customers
CUST_03021,67,14,454221.85,3,5,5,13,Champions
CUST_03022,23,10,158941.09,4,3,2,9,Potential Loyalists
CUST_03023,345,3,59427.08,1,1,1,3,Lost
CUST_03024,5,13,589466.79,5,5,5,15,Champions
CUST_03025,134,5,70814.81999999999,1,1,1,3,Lost
CUST_03026,65,5,49441.98,3,1,1,5,Potential Loyalists
CUST_03027,13,6,80462.09999999999,5,1,1,7,Promising
CUST_03028,53,11,286461.63,3,4,4,11,Loyal Customers
CUST_03029,63,17,171354.25999999998,3,5,3,11,Loyal Customers
CUST_03030,149,6,234430.0,1,1,4,6,Lost
CUST_03031,23,9,274881.16,4,3,4,11,Loyal Customers
CUST_03032,246,10,124845.51,1,3,2,6,Potential Loyalists
CUST_03033,6,10,133466.29,5,3,2,10,Loyal Customers
CUST_03034,69,8,26146.23,2,2,1,5,Lost
CUST_03035,61,10,132449.01,3,3,2,8,Potential Loyalists
CUST_03036,202,7,305182.77,1,1,4,6,Lost
CUST_03037,153,6,687956.61,1,1,5,7,Lost
CUST_03038,32,13,312972.89,4,5,4,13,Champions
CUST_03039,132,10,96815.83,1,3,1,5,Potential Loyalists
CUST_03040,12,9,57253.01,5,3,1,9,Potential Loyalists
CUST_03041,119,6,84012.27,2,1,1,4,Lost
CUST_03042,30,9,206526.86,4,3,3,10,Loyal Customers
CUST_03043,76,12,273962.18,2,4,4,10,Loyal Customers
CUST_03044,304,10,502871.7,1,3,5,9,Potential Loyalists
CUST_03045,98,13,538942.87,2,5,5,12,Loyal Customers
CUST_03046,238,6,142014.3,1,1,2,4,Lost
CUST_03047,90,11,403625.33,2,4,5,11,Loyal Customers
CUST_03048,42,10,221604.46,3,3,3,9,Potential Loyalists
CUST_03049,105,8,420075.44,2,2,5,9,Lost
CUST_03050,14,7,393981.05000000005,5,1,5,11,Loyal Customers
CUST_03051,26,11,96694.63,4,4,1,9,Potential Loyalists
CUST_03052,2,10,438062.41000000003,5,3,5,13,Champions
CUST_03053,172,6,73431.57,1,1,1,3,Lost
CUST_03054,89,9,267027.58,2,3,4,9,Potential Loyalists
CUST_03055,1,10,175493.69,5,3,3,11,Loyal Customers
CUST_03056,92,12,278941.93,2,4,4,10,Loyal Customers
CUST_03057,7,10,177800.21000000002,5,3,3,11,Loyal Customers
CUST_03058,6,15,150614.45,5,5,2,12,Loyal Customers
CUST_03059,42,13,107688.81,3,5,2,10,Loyal Customers
CUST_03060,16,10,439087.33,5,3,5,13,Champions
CUST_03061,54,12,192009.85,3,4,3,10,Loyal Customers
CUST_03062,97,9,201533.8,2,3,3,8,Potential Loyalists
CUST_03063,134,9,86229.43,1,3,1,5,Potential Loyalists
CUST_03064,194,9,149534.05,1,3,2,6,Potential Loyalists
CUST_03065,302,6,17140.62,1,1,1,3,Lost
CUST_03066,65,12,437771.81,3,4,5,12,Loyal Customers
CUST_03067,6,9,241972.57,5,3,4,12,Loyal Customers
CUST_03068,140,9,131608.2,1,3,2,6,Potential Loyalists
CUST_03069,22,13,342368.99999999994,4,5,5,14,Champions
CUST_03070,70,9,201918.46000000002,2,3,3,8,Potential Loyalists
CUST_03071,41,10,404426.58,3,3,5,11,Loyal Customers
CUST_03072,40,8,130222.67000000001,3,2,2,7,Potential Loyalists
CUST_03073,2,9,94380.64,5,3,1,9,Potential Loyalists
CUST_03074,119,10,150610.71999999997,2,3,2,7,Potential Loyalists
CUST_03075,179,9,73405.84,1,3,1,5,Potential Loyalists
CUST_03076,15,16,360375.22,5,5,5,15,Champions
CUST_03077,127,12,329668.35,1,4,4,9,At Risk
CUST_03078,10,4,73625.08,5,1,1,7,Promising
CUST_03079,268,8,859447.45,1,2,5,8,Lost
CUST_03080,70,9,234670.78,2,3,4,9,Potential Loyalists
CUST_03081,37,13,595828.08,4,5,5,14,Champions
CUST_03082,113,12,465268.83,2,4,5,11,Loyal Customers
CUST_03083,15,8,158291.08000000002,5,2,2,9,Promising
CUST_03084,79,8,135544.52,2,2,2,6,Lost
CUST_03085,62,7,205557.31,3,1,3,7,Potential Loyalists
CUST_03086,61,13,399973.18000000005,3,5,5,13,Champions
CUST_03087,297,7,48608.91,1,1,1,3,Lost
CUST_03088,86,6,178351.86,2,1,3,6,Lost
CUST_03089,128,12,109837.47,1,4,2,7,At Risk
CUST_03090,28,13,70574.41,4,5,1,10,Loyal Customers
CUST_03091,18,14,269903.37,4,5,4,13,Champions
CUST_03092,19,8,122993.27,4,2,2,8,Promising
CUST_03093,53,4,81443.23999999999,3,1,1,5,Potential Loyalists
CUST_03094,121,15,421699.86,1,5,5,11,Loyal Customers
CUST_03095,61,10,245488.65,3,3,4,10,Loyal Customers
CUST_03096,34,14,361264.43,4,5,5,14,Champions
CUST_03097,113,7,30947.06,2,1,1,4,Lost
CUST_03098,50,6,121556.69,3,1,2,6,Potential Loyalists
CUST_03099,63,9,178873.64,3,3,3,9,Potential Loyalists
CUST_03100,57,10,263499.49,3,3,4,10,Loyal Customers
CUST_03101,67,10,106726.82,3,3,2,8,Potential Loyalists
CUST_03102,13,6,18696.9,5,1,1,7,Promising
CUST_03103,167,8,51306.47,1,2,1,4,Lost
CUST_03104,5,11,264126.5,5,4,4,13,Champions
CUST_03105,18,9,51161.27,4,3,1,8,Potential Loyalists
CUST_03106,30,8,217127.24,4,2,3,9,Promising
CUST_03107,88,6,234026.44,2,1,4,7,Lost
CUST_03108,184,9,59210.72,1,3,1,5,Potential Loyalists
CUST_03109,186,8,90280.15,1,2,1,4,Lost
CUST_03110,31,14,194764.29,4,5,3,12,Loyal Customers
CUST_03111,38,9,245845.08000000002,4,3,4,11,Loyal Customers
CUST_03112,31,14,241827.32,4,5,4,13,Champions
CUST_03113,6,8,75128.03,5,2,1,8,Promising
CUST_03114,30,10,81968.79,4,3,1,8,Potential Loyalists
CUST_03115,140,10,267456.71,1,3,4,8,Potential Loyalists
CUST_03116,105,12,232983.09999999998,2,4,4,10,Loyal Customers
CUST_03117,3,7,336077.95999999996,5,1,5,11,Loyal Customers
CUST_03118,21,5,74975.99,4,1,1,6,Promising
CUST_03119,17,12,49794.86,5,4,1,10,Loyal Customers
CUST_03120,18,12,129126.37,4,4,2,10,Loyal Customers
CUST_03121,75,8,118234.59,2,2,2,6,Lost
CUST_03122,66,10,78618.55,3,3,1,7,Potential Loyalists
CUST_03123,160,8,379717.44,1,2,5,8,Lost
CUST_03124,8,9,169311.8,5,3,3,11,Loyal Customers
CUST_03125,18,7,69989.9,4,1,1,6,Promising
CUST_03126,2,10,373087.77,5,3,5,13,Champions
CUST_03127,84,2,5016.98,2,1,1,4,Lost
CUST_03128,150,7,182655.25999999998,1,1,3,5,Lost
CUST_03129,79,10,147369.03,2,3,2,7,Potential Loyalists
CUST_03130,61,8,188200.87,3,2,3,8,Potential Loyalists
CUST_03131,22,13,184066.37999999998,4,5,3,12,Loyal Customers
CUST_03132,2,12,406885.25,5,4,5,14,Champions
CUST_03133,57,11,315817.87,3,4,4,11,Loyal Customers
CUST_03134,196,12,111007.37,1,4,2,7,At Risk
CUST_03135,85,11,112090.42,2,4,2,8,At Risk
CUST_03136,64,10,140481.4,3,3,2,8,Potential Loyalists
CUST_03137,5,12,140043.82,5,4,2,11,Loyal Customers
CUST_03138,180,8,207791.55,1,2,3,6,Lost
CUST_03139,88,5,33764.76,2,1,1,4,Lost
CUST_03140,290,11,326574.32999999996,1,4,4,9,At Risk
CUST_03141,155,10,88860.55,1,3,1,5,Potential Loyalists
CUST_03142,41,9,78218.23,3,3,1,7,Potential Loyalists
CUST_03143,14,10,259517.27,5,3,4,12,Loyal Customers
CUST_03144,95,9,211013.55000000002,2,3,3,8,Potential Loyalists
CUST_03145,7,15,530640.54,5,5,5,15,Champions
CUST_03146,100,6,113374.02,2,1,2,5,Lost
CUST_03147,14,7,76814.56,5,1,1,7,Promising
CUST_03148,55,6,27222.4,3,1,1,5,Potential Loyalists
CUST_03149,66,11,530969.77,3,4,5,12,Loyal Customers
CUST_03150,101,9,173421.5,2,3,3,8,Potential Loyalists
CUST_03151,60,8,281679.12,3,2,4,9,Potential Loyalists
CUST_03152,19,13,434459.74,4,5,5,14,Champions
CUST_03153,27,12,454340.39999999997,4,4,5,13,Champions
CUST_03154,3,15,219824.15,5,5,3,13,Champions
CUST_03155,124,13,569890.91,1,5,5,11,Loyal Customers
CUST_03156,26,12,614166.58,4,4,5,13,Champions
CUST_03157,41,15,95656.55,3,5,1,9,Potential Loyalists
CUST_03158,173,14,161620.06,1,5,3,9,At Risk
CUST_03159,75,7,171882.95,2,1,3,6,Lost
CUST_03160,42,11,213068.26,3,4,3,10,Loyal Customers
CUST_03161,16,11,472764.69,5,4,5,14,Champions
CUST_03162,102,8,193923.72999999998,2,2,3,7,Lost
CUST_03163,150,3,23265.35,1,1,1,3,Lost
CUST_03164,31,9,184929.25,4,3,3,10,Loyal Customers
CUST_03165,158,11,241436.18,1,4,4,9,At Risk
CUST_03166,148,9,103099.2,1,3,2,6,Potential Loyalists
CUST_03167,34,13,231752.68,4,5,4,13,Champions
CUST_03168,122,10,206346.78,1,3,3,7,Potential Loyalists
CUST_03169,6,12,512210.04000000004,5,4,5,14,Champions
CUST_03170,246,4,7495.43,1,1,1,3,Lost
CUST_03171,40,11,117618.4,3,4,2,9,Potential Loyalists
CUST_03172,24,7,90745.44,4,1,1,6,Promising
CUST_03173,21,15,490119.42,4,5,5,14,Champions
CUST_03174,27,8,45277.14,4,2,1,7,Promising
CUST_03175,9,15,159876.34,5,5,3,13,Champions
CUST_03176,77,8,166474.19999999998,2,2,3,7,Lost
CUST_03177,16,11,289635.51999999996,5,4,4,13,Champions
CUST_03178,141,10,515807.58,1,3,5,9,Potential Loyalists
CUST_03179,101,8,235933.93,2,2,4,8,Lost
CUST_03180,1,11,149916.31,5,4,2,11,Loyal Customers
CUST_03181,65,11,162758.0,3,4,3,10,Loyal Customers
CUST_03182,11,11,394274.06,5,4,5,14,Champions
CUST_03183,61,11,307584.05000000005,3,4,4,11,Loyal Customers
CUST_03184,15,12,111503.05,5,4,2,11,Loyal Customers
CUST_03185,294,7,259454.42,1,1,4,6,Lost
CUST_03186,54,13,510744.62,3,5,5,13,Champions
CUST_03187,19,10,83931.06,4,3,1,8,Potential Loyalists
CUST_03188,33,17,271299.25,4,5,4,13,Champions
CUST_03189,104,7,149696.59,2,1,2,5,Lost
CUST_03190,254,7,165191.97,1,1,3,5,Lost
CUST_03191,156,5,67936.29000000001,1,1,1,3,Lost
CUST_03192,17,7,149901.08000000002,5,1,2,8,Promising
CUST_03193,8,12,200738.55,5,4,3,12,Loyal Customers
CUST_03194,117,10,211482.67,2,3,3,8,Potential Loyalists
CUST_03195,15,18,541912.66,5,5,5,15,Champions
CUST_03196,91,7,127234.6,2,1,2,5,Lost
CUST_03197,32,8,224133.31,4,2,3,9,Promising
CUST_03198,18,9,63844.9,4,3,1,8,Potential Loyalists
CUST_03199,85,6,186284.05,2,1,3,6,Lost
CUST_03200,132,7,141881.01,1,1,2,4,Lost
CUST_03201,58,14,502273.51,3,5,5,13,Champions
CUST_03202,20,17,240246.44,4,5,4,13,Champions
CUST_03203,66,6,37037.93,3,1,1,5,Potential Loyalists
CUST_03204,103,12,408594.55000000005,2,4,5,11,Loyal Customers
CUST_03205,231,6,172581.38,1,1,3,5,Lost
CUST_03206,90,12,208392.22,2,4,3,9,At Risk
CUST_03207,67,12,136129.11,3,4,2,9,Potential Loyalists
CUST_03208,61,10,248951.25,3,3,4,10,Loyal Customers
CUST_03209,439,3,81707.47,1,1,1,3,Lost
CUST_03210,10,9,24730.71,5,3,1,9,Potential Loyalists
CUST_03211,81,9,386369.46,2,3,5,10,Loyal Customers
CUST_03212,121,4,67918.16,1,1,1,3,Lost
CUST_03213,112,6,29908.06,2,1,1,4,Lost
CUST_03214,25,10,164868.78999999998,4,3,3,10,Loyal Customers
CUST_03215,11,10,336321.37,5,3,5,13,Champions
CUST_03216,58,14,260804.7,3,5,4,12,Loyal Customers
CUST_03217,34,5,117072.43000000001,4,1,2,7,Promising
CUST_03218,216,11,164669.75,1,4,3,8,At Risk
CUST_03219,112,10,498393.58,2,3,5,10,Loyal Customers
CUST_03220,108,13,265925.51,2,5,4,11,Loyal Customers
CUST_03221,307,6,83780.94,1,1,1,3,Lost
CUST_03222,184,9,80419.69,1,3,1,5,Potential Loyalists
CUST_03223,30,11,272985.33999999997,4,4,4,12,Loyal Customers
CUST_03224,8,11,116819.32,5,4,2,11,Loyal Customers
CUST_03225,267,4,145555.21,1,1,2,4,Lost
CUST_03226,63,6,153339.07,3,1,2,6,Potential Loyalists
CUST_03227,44,7,104763.22,3,1,2,6,Potential Loyalists
CUST_03228,53,6,80898.19,3,1,1,5,Potential Loyalists
CUST_03229,49,11,295924.08,3,4,4,11,Loyal Customers
CUST_03230,54,3,71068.79,3,1,1,5,Potential Loyalists
CUST_03231,43,9,63100.29,3,3,1,7,Potential Loyalists
CUST_03232,7,12,518479.1,5,4,5,14,Champions
CUST_03233,236,13,390429.66,1,5,5,11,Loyal Customers
CUST_03234,49,14,196590.02,3,5,3,11,Loyal Customers
CUST_03235,63,10,195713.78,3,3,3,9,Potential Loyalists
CUST_03236,109,12,487561.77999999997,2,4,5,11,Loyal Customers
CUST_03237,17,11,268025.37,5,4,4,13,Champions
CUST_03238,10,8,76036.07,5,2,1,8,Promising
CUST_03239,81,7,121091.21,2,1,2,5,Lost
CUST_03240,57,8,132460.05,3,2,2,7,Potential Loyalists
CUST_03241,226,12,118808.5,1,4,2,7,At Risk
CUST_03242,129,11,80297.92,1,4,1,6,At Risk
CUST_03243,301,10,200226.22,1,3,3,7,Potential Loyalists
CUST_03244,27,11,241406.15,4,4,4,12,Loyal Customers
CUST_03245,5,13,451276.92,5,5,5,15,Champions
CUST_03246,46,8,127251.24,3,2,2,7,Potential Loyalists
CUST_03247,90,9,76037.21,2,3,1,6,Potential Loyalists
CUST_03248,111,10,192296.34,2,3,3,8,Potential Loyalists
CUST_03249,27,5,296516.36,4,1,4,9,Promising
CUST_03250,14,7,175734.63,5,1,3,9,Promising
CUST_03251,59,13,667476.77,3,5,5,13,Champions
CUST_03252,109,9,137577.78,2,3,2,7,Potential Loyalists
CUST_03253,82,13,88570.43,2,5,1,8,At Risk
CUST_03254,98,5,153074.99,2,1,2,5,Lost
CUST_03255,6,13,163859.76,5,5,3,13,Champions
CUST_03256,17,10,130449.53,5,3,2,10,Loyal Customers
CUST_03257,36,5,36718.61,4,1,1,6,Promising
CUST_03258,155,11,87646.36,1,4,1,6,At Risk
CUST_03259,37,10,19773.36,4,3,1,8,Potential Loyalists
CUST_03260,155,12,388238.38,1,4,5,10,Loyal Customers
CUST_03261,14,20,685980.98,5,5,5,15,Champions
CUST_03262,9,14,312640.97,5,5,4,14,Champions
CUST_03263,32,14,201032.82,4,5,3,12,Loyal Customers
CUST_03264,74,10,371411.53,2,3,5,10,Loyal Customers
CUST_03265,50,8,120432.48000000001,3,2,2,7,Potential Loyalists
CUST_03266,105,9,148185.12,2,3,2,7,Potential Loyalists
CUST_03267,92,9,199597.38,2,3,3,8,Potential Loyalists
CUST_03268,174,5,34513.79,1,1,1,3,Lost
CUST_03269,302,5,131395.2,1,1,2,4,Lost
CUST_03270,21,9,477404.45,4,3,5,12,Loyal Customers
CUST_03271,22,18,386631.00999999995,4,5,5,14,Champions
CUST_03272,193,7,442224.92,1,1,5,7,Lost
CUST_03273,2,11,99638.72,5,4,2,11,Loyal Customers
CUST_03274,187,12,357252.80000000005,1,4,5,10,Loyal Customers
CUST_03275,18,11,366322.31,4,4,5,13,Champions
CUST_03276,101,13,484183.56,2,5,5,12,Loyal Customers
CUST_03277,60,12,258944.80000000005,3,4,4,11,Loyal Customers
CUST_03278,12,11,119003.64,5,4,2,11,Loyal Customers
CUST_03279,154,12,203965.29,1,4,3,8,At Risk
CUST_03280,32,8,467745.74,4,2,5,11,Loyal Customers
CUST_03281,245,6,117430.71,1,1,2,4,Lost
CUST_03282,96,13,266037.16000000003,2,5,4,11,Loyal Customers
CUST_03283,63,10,319216.12,3,3,4,10,Loyal Customers
CUST_03284,39,15,576674.55,3,5,5,13,Champions
CUST_03285,199,9,144971.1,1,3,2,6,Potential Loyalists
CUST_03286,20,11,291569.87,4,4,4,12,Loyal Customers
CUST_03287,120,4,13435.89,1,1,1,3,Lost
CUST_03288,211,12,198304.82,1,4,3,8,At Risk
CUST_03289,11,6,55336.08,5,1,1,7,Promising
CUST_03290,227,5,30097.19,1,1,1,3,Lost
CUST_03291,2,8,343693.29,5,2,5,12,Loyal Customers
CUST_03292,149,15,283897.49,1,5,4,10,Loyal Customers
CUST_03293,13,10,156968.87,5,3,2,10,Loyal Customers
CUST_03294,176,8,187895.31,1,2,3,6,Lost
CUST_03295,343,8,138695.84999999998,1,2,2,5,Lost
CUST_03296,3,4,24740.21,5,1,1,7,Promising
CUST_03297,33,9,62314.979999999996,4,3,1,8,Potential Loyalists
CUST_03298,37,11,236603.23,4,4,4,12,Loyal Customers
CUST_03299,112,6,113750.59999999999,2,1,2,5,Lost
CUST_03300,33,11,315408.28,4,4,4,12,Loyal Customers
CUST_03301,203,12,114013.8,1,4,2,7,At Risk
CUST_03302,9,7,366828.64,5,1,5,11,Loyal Customers
CUST_03303,242,4,337748.14,1,1,5,7,Lost
CUST_03304,113,8,155891.09,2,2,2,6,Lost
CUST_03305,7,18,346105.41,5,5,5,15,Champions
CUST_03306,11,10,138572.58000000002,5,3,2,10,Loyal Customers
CUST_03307,63,8,24626.0,3,2,1,6,Potential Loyalists
CUST_03308,86,9,68512.98000000001,2,3,1,6,Potential Loyalists
CUST_03309,9,6,122019.1,5,1,2,8,Promising
CUST_03310,1,10,70625.02,5,3,1,9,Potential Loyalists
CUST_03311,172,3,61586.77,1,1,1,3,Lost
CUST_03312,53,18,246115.96,3,5,4,12,Loyal Customers
CUST_03313,66,12,178076.27,3,4,3,10,Loyal Customers
CUST_03314,126,9,183094.37,1,3,3,7,Potential Loyalists
CUST_03315,127,14,360534.70999999996,1,5,5,11,Loyal Customers
CUST_03316,5,14,495282.54,5,5,5,15,Champions
CUST_03317,44,9,190542.66,3,3,3,9,Potential Loyalists
CUST_03318,45,7,134973.47,3,1,2,6,Potential Loyalists
CUST_03319,3,13,289770.19,5,5,4,14,Champions
CUST_03320,54,10,120735.3,3,3,2,8,Potential Loyalists
CUST_03321,56,8,168087.01,3,2,3,8,Potential Loyalists
CUST_03322,42,13,201677.1,3,5,3,11,Loyal Customers
CUST_03323,55,8,61359.91,3,2,1,6,Potential Loyalists
CUST_03324,5,12,384085.95,5,4,5,14,Champions
CUST_03325,233,9,155042.13,1,3,2,6,Potential Loyalists
CUST_03326,59,12,665047.42,3,4,5,12,Loyal Customers
CUST_03327,75,9,396114.72,2,3,5,10,Loyal Customers
CUST_03328,48,9,114043.18000000001,3,3,2,8,Potential Loyalists
CUST_03329,57,13,227003.46,3,5,3,11,Loyal Customers
CUST_03330,13,7,61433.1,5,1,1,7,Promising
CUST_03331,45,8,68027.12,3,2,1,6,Potential Loyalists
CUST_03332,52,14,395269.3,3,5,5,13,Champions
CUST_03333,77,11,151526.05,2,4,2,8,At Risk
CUST_03334,1,12,395563.47,5,4,5,14,Champions
CUST_03335,7,10,397619.44,5,3,5,13,Champions
CUST_03336,6,10,48654.78,5,3,1,9,Potential Loyalists
CUST_03337,33,13,170154.1,4,5,3,12,Loyal Customers
CUST_03338,71,15,373653.01,2,5,5,12,Loyal Customers
CUST_03339,82,15,183515.04,2,5,3,10,Loyal Customers
CUST_03340,6,14,614718.11,5,5,5,15,Champions
CUST_03341,35,6,370239.73,4,1,5,10,Loyal Customers
CUST_03342,41,8,126512.84,3,2,2,7,Potential Loyalists
CUST_03343,26,10,209010.53,4,3,3,10,Loyal Customers
CUST_03344,15,10,319669.7,5,3,4,12,Loyal Customers
CUST_03345,9,14,146897.86000000002,5,5,2,12,Loyal Customers
CUST_03346,53,10,177380.42,3,3,3,9,Potential Loyalists
CUST_03347,1,14,410088.13,5,5,5,15,Champions
CUST_03348,40,13,224278.50999999998,3,5,3,11,Loyal Customers
CUST_03349,126,16,361700.78,1,5,5,11,Loyal Customers
CUST_03350,85,14,462975.64,2,5,5,12,Loyal Customers
CUST_03351,157,6,110193.33,1,1,2,4,Lost
CUST_03352,56,8,101457.91,3,2,2,7,Potential Loyalists
CUST_03353,2,14,324638.22,5,5,4,14,Champions
CUST_03354,14,9,107016.53,5,3,2,10,Loyal Customers
CUST_03355,11,15,212630.63,5,5,3,13,Champions
CUST_03356,123,7,53580.35,1,1,1,3,Lost
CUST_03357,168,6,109805.89,1,1,2,4,Lost
CUST_03358,74,8,163554.06,2,2,3,7,Lost
CUST_03359,49,10,297254.98,3,3,4,10,Loyal Customers
CUST_03360,47,14,366100.41,3,5,5,13,Champions
CUST_03361,15,16,437307.71,5,5,5,15,Champions
CUST_03362,64,9,206226.79,3,3,3,9,Potential Loyalists
CUST_03363,102,11,513461.99,2,4,5,11,Loyal Customers
CUST_03364,51,7,119671.72,3,1,2,6,Potential Loyalists
CUST_03365,78,9,183875.38,2,3,3,8,Potential Loyalists
CUST_03366,79,7,49396.5,2,1,1,4,Lost
CUST_03367,146,9,158145.62,1,3,2,6,Potential Loyalists
CUST_03368,68,12,414303.63,2,4,5,11,Loyal Customers
CUST_03369,152,10,184263.35,1,3,3,7,Potential Loyalists
CUST_03370,24,9,279776.27999999997,4,3,4,11,Loyal Customers
CUST_03371,31,9,122692.82,4,3,2,9,Potential Loyalists
CUST_03372,21,7,53118.7,4,1,1,6,Promising
CUST_03373,32,13,158369.14,4,5,2,11,Loyal Customers
CUST_03374,76,9,231721.71000000002,2,3,4,9,Potential Loyalists
CUST_03375,98,10,186271.61,2,3,3,8,Potential Loyalists
CUST_03376,33,13,216564.5,4,5,3,12,Loyal Customers
CUST_03377,169,6,135056.36000000002,1,1,2,4,Lost
CUST_03378,51,13,347691.61,3,5,5,13,Champions
CUST_03379,206,8,139105.27,1,2,2,5,Lost
CUST_03380,153,15,373455.01,1,5,5,11,Loyal Customers
CUST_03381,85,12,235961.43000000002,2,4,4,10,Loyal Customers
CUST_03382,139,6,25466.84,1,1,1,3,Lost
CUST_03383,18,13,294224.43,4,5,4,13,Champions
CUST_03384,13,9,58593.14,5,3,1,9,Potential Loyalists
CUST_03385,124,6,260320.45,1,1,4,6,Lost
CUST_03386,161,14,81204.27,1,5,1,7,At Risk
CUST_03387,47,11,89045.07,3,4,1,8,Potential Loyalists
CUST_03388,31,6,29594.1,4,1,1,6,Promising
CUST_03389,7,15,250613.06,5,5,4,14,Champions
CUST_03390,94,14,491752.65,2,5,5,12,Loyal Customers
CUST_03391,19,11,266706.44,4,4,4,12,Loyal Customers
CUST_03392,57,15,162725.64,3,5,3,11,Loyal Customers
CUST_03393,11,11,376608.73,5,4,5,14,Champions
CUST_03394,94,9,130573.44,2,3,2,7,Potential Loyalists
CUST_03395,63,8,199160.95,3,2,3,8,Potential Loyalists
CUST_03396,4,10,127117.8,5,3,2,10,Loyal Customers
CUST_03397,2,13,220851.56999999998,5,5,3,13,Champions
CUST_03398,266,6,36604.55,1,1,1,3,Lost
CUST_03399,153,8,256565.37,1,2,4,7,Lost
CUST_03400,15,9,252833.09,5,3,4,12,Loyal Customers
CUST_03401,338,11,335091.32,1,4,5,10,Loyal Customers
CUST_03402,48,13,277085.43,3,5,4,12,Loyal Customers
CUST_03403,15,9,292538.78,5,3,4,12,Loyal Customers
CUST_03404,27,15,152058.53,4,5,2,11,Loyal Customers
CUST_03405,7,12,237177.22999999998,5,4,4,13,Champions
CUST_03406,5,7,259852.97,5,1,4,10,Loyal Customers
CUST_03407,12,12,163060.99,5,4,3,12,Loyal Customers
CUST_03408,75,12,176983.33,2,4,3,9,At Risk
CUST_03409,352,11,309389.61,1,4,4,9,At Risk
CUST_03410,2,11,133683.59,5,4,2,11,Loyal Customers
CUST_03411,119,6,273115.29,2,1,4,7,Lost
CUST_03412,18,6,29354.34,4,1,1,6,Promising
CUST_03413,1,12,178052.43,5,4,3,12,Loyal Customers
CUST_03414,26,8,501343.39,4,2,5,11,Loyal Customers
CUST_03415,123,7,61181.72,1,1,1,3,Lost
CUST_03416,102,9,104196.06,2,3,2,7,Potential Loyalists
CUST_03417,12,11,274937.12,5,4,4,13,Champions
CUST_03418,109,9,105644.9,2,3,2,7,Potential Loyalists
CUST_03419,30,10,81490.77,4,3,1,8,Potential Loyalists
CUST_03420,89,7,97003.58,2,1,1,4,Lost
CUST_03421,14,9,323438.94999999995,5,3,4,12,Loyal Customers
CUST_03422,64,13,135142.38,3,5,2,10,Loyal Customers
CUST_03423,28,3,36583.31999999999,4,1,1,6,Promising
CUST_03424,100,11,277455.8,2,4,4,10,Loyal Customers
CUST_03425,13,14,350691.62,5,5,5,15,Champions
CUST_03426,53,13,214580.02,3,5,3,11,Loyal Customers
CUST_03427,10,9,139062.99,5,3,2,10,Loyal Customers
CUST_03428,99,7,208055.62,2,1,3,6,Lost
CUST_03429,82,6,265786.18,2,1,4,7,Lost
CUST_03430,19,12,247809.84,4,4,4,12,Loyal Customers
CUST_03431,190,6,74106.8,1,1,1,3,Lost
CUST_03432,151,9,550416.29,1,3,5,9,Potential Loyalists
CUST_03433,324,7,269048.88,1,1,4,6,Lost
CUST_03434,43,14,288007.28,3,5,4,12,Loyal Customers
CUST_03435,18,13,177837.44,4,5,3,12,Loyal Customers
CUST_03436,86,9,344851.43000000005,2,3,5,10,Loyal Customers
CUST_03437,2,11,464936.36,5,4,5,14,Champions
CUST_03438,20,8,204365.54,4,2,3,9,Promising
CUST_03439,169,10,113561.05,1,3,2,6,Potential Loyalists
CUST_03440,158,9,136766.13,1,3,2,6,Potential Loyalists
CUST_03441,95,6,23459.86,2,1,1,4,Lost
CUST_03442,112,11,109996.13,2,4,2,8,At Risk
CUST_03443,263,8,38674.18,1,2,1,4,Lost
CUST_03444,449,4,32340.120000000003,1,1,1,3,Lost
CUST_03445,27,12,80203.33,4,4,1,9,Potential Loyalists
CUST_03446,20,10,160385.03,4,3,3,10,Loyal Customers
CUST_03447,2,10,425092.94,5,3,5,13,Champions
CUST_03448,76,2,76551.97,2,1,1,4,Lost
CUST_03449,164,12,554815.99,1,4,5,10,Loyal Customers
CUST_03450,61,11,445626.02,3,4,5,12,Loyal Customers
CUST_03451,52,13,215781.27000000002,3,5,3,11,Loyal Customers
CUST_03452,391,5,36145.7,1,1,1,3,Lost
CUST_03453,41,11,250314.33,3,4,4,11,Loyal Customers
CUST_03454,148,10,61004.31,1,3,1,5,Potential Loyalists
CUST_03455,7,9,144943.32,5,3,2,10,Loyal Customers
CUST_03456,37,10,110201.37000000001,4,3,2,9,Potential Loyalists
CUST_03457,6,4,39980.9,5,1,1,7,Promising
CUST_03458,75,10,415052.9,2,3,5,10,Loyal Customers
CUST_03459,12,13,178631.39,5,5,3,13,Champions
CUST_03460,10,9,208928.75,5,3,3,11,Loyal Customers
CUST_03461,31,11,345412.55,4,4,5,13,Champions
CUST_03462,37,8,200316.37,4,2,3,9,Promising
CUST_03463,210,6,162823.28999999998,1,1,3,5,Lost
CUST_03464,12,11,443518.82,5,4,5,14,Champions
CUST_03465,27,9,333212.45999999996,4,3,5,12,Loyal Customers
CUST_03466,17,15,217410.24,5,5,3,13,Champions
CUST_03467,26,5,92606.17000000001,4,1,1,6,Promising
CUST_03468,21,10,302037.89,4,3,4,11,Loyal Customers
CUST_03469,30,14,167427.36000000002,4,5,3,12,Loyal Customers
CUST_03470,12,15,224968.6,5,5,3,13,Champions
CUST_03471,83,12,265453.06,2,4,4,10,Loyal Customers
CUST_03472,116,9,115434.82,2,3,2,7,Potential Loyalists
CUST_03473,24,13,223829.02,4,5,3,12,Loyal Customers
CUST_03474,37,11,335988.06,4,4,5,13,Champions
CUST_03475,51,11,286889.39,3,4,4,11,Loyal Customers
CUST_03476,38,7,79989.75,4,1,1,6,Promising
CUST_03477,16,12,438900.73,5,4,5,14,Champions
CUST_03478,18,15,572362.57,4,5,5,14,Champions
CUST_03479,71,6,213654.79,2,1,3,6,Lost
CUST_03480,6,11,411681.24,5,4,5,14,Champions
CUST_03481,23,10,213480.0,4,3,3,10,Loyal Customers
CUST_03482,11,10,100033.06999999999,5,3,2,10,Loyal Customers
CUST_03483,24,7,150357.45,4,1,2,7,Promising
CUST_03484,18,9,736104.57,4,3,5,12,Loyal Customers
CUST_03485,19,9,412522.51,4,3,5,12,Loyal Customers
CUST_03486,156,12,453174.02,1,4,5,10,Loyal Customers
CUST_03487,35,10,160117.95,4,3,3,10,Loyal Customers
CUST_03488,120,15,98895.75,1,5,1,7,At Risk
CUST_03489,2,6,133189.37,5,1,2,8,Promising
CUST_03490,10,10,162402.21,5,3,3,11,Loyal Customers
CUST_03491,122,11,44312.79,1,4,1,6,At Risk
CUST_03492,11,12,231065.23,5,4,3,12,Loyal Customers
CUST_03493,28,14,353934.56,4,5,5,14,Champions
CUST_03494,53,6,185444.66999999998,3,1,3,7,Potential Loyalists
CUST_03495,5,8,116226.27999999998,5,2,2,9,Promising
CUST_03496,44,7,170278.61,3,1,3,7,Potential Loyalists
CUST_03497,54,10,126497.94,3,3,2,8,Potential Loyalists
CUST_03498,35,7,121922.12999999999,4,1,2,7,Promising
CUST_03499,33,13,300118.64,4,5,4,13,Champions
CUST_03500,161,7,230882.05,1,1,3,5,Lost
CUST_03501,102,9,195655.12,2,3,3,8,Potential Loyalists
CUST_03502,47,11,36380.02,3,4,1,8,Potential Loyalists
CUST_03503,70,9,177168.65000000002,2,3,3,8,Potential Loyalists
CUST_03504,22,8,106532.79000000001,4,2,2,8,Promising
CUST_03505,153,9,434945.83,1,3,5,9,Potential Loyalists
CUST_03506,13,12,339741.06,5,4,5,14,Champions
CUST_03507,51,12,135820.4,3,4,2,9,Potential Loyalists
CUST_03508,34,15,398678.38,4,5,5,14,Champions
CUST_03509,103,5,55705.46,2,1,1,4,Lost
CUST_03510,25,9,46109.56,4,3,1,8,Potential Loyalists
CUST_03511,96,7,243014.61,2,1,4,7,Lost
CUST_03512,36,8,262043.00999999998,4,2,4,10,Loyal Customers
CUST_03513,16,8,359597.34,5,2,5,12,Loyal Customers
CUST_03514,39,6,90761.92000000001,3,1,1,5,Potential Loyalists
CUST_03515,169,11,330774.95,1,4,4,9,At Risk
CUST_03516,133,10,161386.09,1,3,3,7,Potential Loyalists
CUST_03517,91,6,217422.61000000002,2,1,3,6,Lost
CUST_03518,147,9,177363.18,1,3,3,7,Potential Loyalists
CUST_03519,382,1,1795.22,1,1,1,3,Lost
CUST_03520,64,20,743416.07,3,5,5,13,Champions
CUST_03521,63,11,468597.26,3,4,5,12,Loyal Customers
CUST_03522,6,13,427838.92,5,5,5,15,Champions
CUST_03523,207,10,135039.61,1,3,2,6,Potential Loyalists
CUST_03524,21,17,311807.7,4,5,4,13,Champions
CUST_03525,123,13,283995.48,1,5,4,10,Loyal Customers
CUST_03526,44,10,250902.44999999998,3,3,4,10,Loyal Customers
CUST_03527,41,5,102266.35,3,1,2,6,Potential Loyalists
CUST_03528,50,10,197180.28,3,3,3,9,Potential Loyalists
CUST_03529,17,14,554454.67,5,5,5,15,Champions
CUST_03530,54,15,292666.28,3,5,4,12,Loyal Customers
CUST_03531,227,9,53613.31,1,3,1,5,Potential Loyalists
CUST_03532,17,17,164376.02,5,5,3,13,Champions
CUST_03533,355,8,59300.55,1,2,1,4,Lost
CUST_03534,61,7,41644.619999999995,3,1,1,5,Potential Loyalists
CUST_03535,30,9,235507.15,4,3,4,11,Loyal Customers
CUST_03536,43,15,446397.99,3,5,5,13,Champions
CUST_03537,72,10,297747.83,2,3,4,9,Potential Loyalists
CUST_03538,28,6,17572.83,4,1,1,6,Promising
CUST_03539,229,8,191291.25,1,2,3,6,Lost
CUST_03540,66,6,43626.240000000005,3,1,1,5,Potential Loyalists
CUST_03541,119,6,162866.37,2,1,3,6,Lost
CUST_03542,63,9,128432.08,3,3,2,8,Potential Loyalists
CUST_03543,20,8,163156.85,4,2,3,9,Promising
CUST_03544,37,12,125738.58,4,4,2,10,Loyal Customers
CUST_03545,23,12,95216.51,4,4,1,9,Potential Loyalists
CUST_03546,24,9,110616.65000000001,4,3,2,9,Potential Loyalists
CUST_03547,8,14,405130.23,5,5,5,15,Champions
CUST_03548,16,8,104864.68000000001,5,2,2,9,Promising
CUST_03549,104,13,492759.67,2,5,5,12,Loyal Customers
CUST_03550,126,10,154792.38,1,3,2,6,Potential Loyalists
CUST_03551,9,9,99225.87,5,3,2,10,Loyal Customers
CUST_03552,53,11,308815.47000000003,3,4,4,11,Loyal Customers
CUST_03553,27,15,612063.3400000001,4,5,5,14,Champions
CUST_03554,49,8,188335.13,3,2,3,8,Potential Loyalists
CUST_03555,19,11,114900.76,4,4,2,10,Loyal Customers
CUST_03556,74,13,246895.72,2,5,4,11,Loyal Customers
CUST_03557,15,9,67390.9,5,3,1,9,Potential Loyalists
CUST_03558,19,10,134900.32,4,3,2,9,Potential Loyalists
CUST_03559,11,13,169565.28,5,5,3,13,Champions
CUST_03560,69,9,238079.12,2,3,4,9,Potential Loyalists
CUST_03561,110,9,187434.22999999998,2,3,3,8,Potential Loyalists
CUST_03562,50,15,123632.4,3,5,2,10,Loyal Customers
CUST_03563,6,12,542599.13,5,4,5,14,Champions
CUST_03564,25,12,316812.11,4,4,4,12,Loyal Customers
CUST_03565,18,13,383172.79,4,5,5,14,Champions
CUST_03566,12,8,108152.32,5,2,2,9,Promising
CUST_03567,117,9,173958.19,2,3,3,8,Potential Loyalists
CUST_03568,77,11,292582.04,2,4,4,10,Loyal Customers
CUST_03569,24,18,654407.89,4,5,5,14,Champions
CUST_03570,48,9,414946.09,3,3,5,11,Loyal Customers
CUST_03571,77,11,353720.82,2,4,5,11,Loyal Customers
CUST_03572,100,10,209912.85,2,3,3,8,Potential Loyalists
CUST_03573,201,12,245836.86,1,4,4,9,At Risk
CUST_03574,52,8,135646.51,3,2,2,7,Potential Loyalists
CUST_03575,105,13,330245.44999999995,2,5,4,11,Loyal Customers
CUST_03576,75,10,150913.94999999998,2,3,2,7,Potential Loyalists
CUST_03577,186,10,175858.27,1,3,3,7,Potential Loyalists
CUST_03578,103,10,455809.7,2,3,5,10,Loyal Customers
CUST_03579,114,8,191450.47999999998,2,2,3,7,Lost
CUST_03580,12,11,305606.44,5,4,4,13,Champions
CUST_03581,76,8,184079.79,2,2,3,7,Lost
CUST_03582,19,15,303719.24,4,5,4,13,Champions
CUST_03583,121,4,47830.810000000005,1,1,1,3,Lost
CUST_03584,31,17,195486.42,4,5,3,12,Loyal Customers
CUST_03585,16,9,466760.0,5,3,5,13,Champions
CUST_03586,67,12,255882.06,3,4,4,11,Loyal Customers
CUST_03587,98,12,145661.03,2,4,2,8,At Risk
CUST_03588,221,13,424547.95999999996,1,5,5,11,Loyal Customers
CUST_03589,47,11,94197.45000000001,3,4,1,8,Potential Loyalists
CUST_03590,27,11,132962.16999999998,4,4,2,10,Loyal Customers
CUST_03591,57,9,128439.31999999999,3,3,2,8,Potential Loyalists
CUST_03592,52,12,213272.62,3,4,3,10,Loyal Customers
CUST_03593,230,9,199903.66,1,3,3,7,Potential Loyalists
CUST_03594,232,11,113948.38,1,4,2,7,At Risk
CUST_03595,99,5,65689.95999999999,2,1,1,4,Lost
CUST_03596,61,12,489106.54,3,4,5,12,Loyal Customers
CUST_03597,39,14,328862.85,3,5,4,12,Loyal Customers
CUST_03598,123,10,256290.37,1,3,4,8,Potential Loyalists
CUST_03599,43,11,153093.91,3,4,2,9,Potential Loyalists
CUST_03600,106,10,77957.56999999999,2,3,1,6,Potential Loyalists
CUST_03601,109,9,55750.130000000005,2,3,1,6,Potential Loyalists
CUST_03602,41,9,202544.4,3,3,3,9,Potential Loyalists
CUST_03603,11,7,415810.51999999996,5,1,5,11,Loyal Customers
CUST_03604,41,7,83734.01,3,1,1,5,Potential Loyalists
CUST_03605,45,7,160591.47,3,1,3,7,Potential Loyalists
CUST_03606,62,12,97750.43000000001,3,4,1,8,Potential Loyalists
CUST_03607,108,8,120718.54000000001,2,2,2,6,Lost
CUST_03608,124,10,204344.81,1,3,3,7,Potential Loyalists
CUST_03609,1,17,265197.51,5,5,4,14,Champions
CUST_03610,10,10,332596.58,5,3,5,13,Champions
CUST_03611,156,9,261217.5,1,3,4,8,Potential Loyalists
CUST_03612,21,19,532379.64,4,5,5,14,Champions
CUST_03613,112,6,302078.03,2,1,4,7,Lost
CUST_03614,262,10,211663.88,1,3,3,7,Potential Loyalists
CUST_03615,74,11,230000.72,2,4,3,9,At Risk
CUST_03616,24,14,105031.75,4,5,2,11,Loyal Customers
CUST_03617,34,6,164258.21,4,1,3,8,Promising
CUST_03618,18,10,45282.6,4,3,1,8,Potential Loyalists
CUST_03619,196,7,275497.51,1,1,4,6,Lost
CUST_03620,18,5,115511.39,4,1,2,7,Promising
CUST_03621,73,11,351946.15,2,4,5,11,Loyal Customers
CUST_03622,5,7,131410.96,5,1,2,8,Promising
CUST_03623,58,16,283415.27999999997,3,5,4,12,Loyal Customers
CUST_03624,59,19,357581.03,3,5,5,13,Champions
CUST_03625,151,7,139831.6,1,1,2,4,Lost
CUST_03626,71,17,465692.33,2,5,5,12,Loyal Customers
CUST_03627,119,7,73083.05,2,1,1,4,Lost
CUST_03628,2,9,99847.56,5,3,2,10,Loyal Customers
CUST_03629,9,9,68993.92,5,3,1,9,Potential Loyalists
CUST_03630,53,14,423623.14999999997,3,5,5,13,Champions
CUST_03631,44,11,254857.41999999998,3,4,4,11,Loyal Customers
CUST_03632,16,6,133657.8,5,1,2,8,Promising
CUST_03633,51,9,173422.22,3,3,3,9,Potential Loyalists
CUST_03634,139,7,115784.93,1,1,2,4,Lost
CUST_03635,85,10,69721.51,2,3,1,6,Potential Loyalists
CUST_03636,40,10,209698.15,3,3,3,9,Potential Loyalists
CUST_03637,14,10,211414.07,5,3,3,11,Loyal Customers
CUST_03638,66,9,343227.16,3,3,5,11,Loyal Customers
CUST_03639,91,14,360150.38,2,5,5,12,Loyal Customers
CUST_03640,32,4,250150.15999999997,4,1,4,9,Promising
CUST_03641,206,9,368431.79,1,3,5,9,Potential Loyalists
CUST_03642,18,8,75952.15000000001,4,2,1,7,Promising
CUST_03643,323,6,89716.51999999999,1,1,1,3,Lost
CUST_03644,36,8,110917.85,4,2,2,8,Promising
CUST_03645,163,7,83578.14,1,1,1,3,Lost
CUST_03646,182,8,304737.97000000003,1,2,4,7,Lost
CUST_03647,42,15,197103.44,3,5,3,11,Loyal Customers
CUST_03648,9,9,170834.86000000002,5,3,3,11,Loyal Customers
CUST_03649,139,6,98074.95999999999,1,1,1,3,Lost
CUST_03650,113,8,41579.49,2,2,1,5,Lost
CUST_03651,102,7,199529.02000000002,2,1,3,6,Lost
CUST_03652,2,11,169996.01,5,4,3,12,Loyal Customers
CUST_03653,107,12,241535.0,2,4,4,10,Loyal Customers
CUST_03654,365,8,227692.12,1,2,3,6,Lost
CUST_03655,21,14,356594.28,4,5,5,14,Champions
CUST_03656,10,14,413893.1,5,5,5,15,Champions
CUST_03657,17,13,560547.04,5,5,5,15,Champions
CUST_03658,118,7,129223.27999999998,2,1,2,5,Lost
CUST_03659,17,10,443223.79,5,3,5,13,Champions
CUST_03660,50,7,60297.0,3,1,1,5,Potential Loyalists
CUST_03661,32,9,281650.46,4,3,4,11,Loyal Customers
CUST_03662,4,14,540491.64,5,5,5,15,Champions
CUST_03663,244,4,12925.630000000001,1,1,1,3,Lost
CUST_03664,142,10,159976.31,1,3,3,7,Potential Loyalists
CUST_03665,85,8,124121.41999999998,2,2,2,6,Lost
CUST_03666,34,16,206925.97,4,5,3,12,Loyal Customers
CUST_03667,34,6,399191.54,4,1,5,10,Loyal Customers
CUST_03668,8,14,192324.77000000002,5,5,3,13,Champions
CUST_03669,287,9,237584.13999999998,1,3,4,8,Potential Loyalists
CUST_03670,59,12,317017.54,3,4,4,11,Loyal Customers
CUST_03671,156,8,101885.34,1,2,2,5,Lost
CUST_03672,196,8,122956.09,1,2,2,5,Lost
CUST_03673,16,11,129111.08,5,4,2,11,Loyal Customers
CUST_03674,374,4,78214.38,1,1,1,3,Lost
CUST_03675,141,11,84077.37,1,4,1,6,At Risk
CUST_03676,119,9,119622.51,2,3,2,7,Potential Loyalists
CUST_03677,19,14,268476.71,4,5,4,13,Champions
CUST_03678,87,14,431579.12,2,5,5,12,Loyal Customers
CUST_03679,88,10,122597.86,2,3,2,7,Potential Loyalists
CUST_03680,251,8,122617.9,1,2,2,5,Lost
CUST_03681,90,13,346379.68000000005,2,5,5,12,Loyal Customers
CUST_03682,17,8,301014.43,5,2,4,11,Loyal Customers
CUST_03683,65,11,109558.65,3,4,2,9,Potential Loyalists
CUST_03684,33,11,208357.06,4,4,3,11,Loyal Customers
CUST_03685,81,11,209655.80000000002,2,4,3,9,At Risk
CUST_03686,47,11,324649.39,3,4,4,11,Loyal Customers
CUST_03687,1,12,363280.63,5,4,5,14,Champions
CUST_03688,179,5,374823.3,1,1,5,7,Lost
CUST_03689,82,11,187222.8,2,4,3,9,At Risk
CUST_03690,9,12,506844.58999999997,5,4,5,14,Champions
CUST_03691,10,8,103400.79000000001,5,2,2,9,Promising
CUST_03692,194,3,74153.23000000001,1,1,1,3,Lost
CUST_03693,177,10,331783.91,1,3,4,8,Potential Loyalists
CUST_03694,170,10,155999.61000000002,1,3,2,6,Potential Loyalists
CUST_03695,17,19,243408.85,5,5,4,14,Champions
CUST_03696,295,6,15451.43,1,1,1,3,Lost
CUST_03697,190,10,146659.88,1,3,2,6,Potential Loyalists
CUST_03698,8,11,257397.96999999997,5,4,4,13,Champions
CUST_03699,40,12,197476.65,3,4,3,10,Loyal Customers
CUST_03700,45,13,177671.29,3,5,3,11,Loyal Customers
CUST_03701,17,8,140777.09,5,2,2,9,Promising
CUST_03702,18,12,146546.34,4,4,2,10,Loyal Customers
CUST_03703,49,11,236529.11,3,4,4,11,Loyal Customers
CUST_03704,51,8,194016.93,3,2,3,8,Potential Loyalists
CUST_03705,193,5,59504.13,1,1,1,3,Lost
CUST_03706,39,13,110680.37999999999,3,5,2,10,Loyal Customers
CUST_03707,57,11,437934.49,3,4,5,12,Loyal Customers
CUST_03708,86,7,176314.72999999998,2,1,3,6,Lost
CUST_03709,3,7,69441.95,5,1,1,7,Promising
CUST_03710,202,6,42103.76,1,1,1,3,Lost
CUST_03711,77,11,71559.03,2,4,1,7,At Risk
CUST_03712,40,11,276820.99,3,4,4,11,Loyal Customers
CUST_03713,17,10,235632.31,5,3,4,12,Loyal Customers
CUST_03714,19,7,224366.66,4,1,3,8,Promising
CUST_03715,61,9,432639.02,3,3,5,11,Loyal Customers
CUST_03716,57,14,196278.91,3,5,3,11,Loyal Customers
CUST_03717,26,23,393035.38,4,5,5,14,Champions
CUST_03718,13,6,24632.72,5,1,1,7,Promising
CUST_03719,19,10,227578.99000000002,4,3,3,10,Loyal Customers
CUST_03720,95,16,258407.81999999998,2,5,4,11,Loyal Customers
CUST_03721,58,9,48233.7,3,3,1,7,Potential Loyalists
CUST_03722,12,14,163969.2,5,5,3,13,Champions
CUST_03723,11,12,296552.29,5,4,4,13,Champions
CUST_03724,54,6,72999.17,3,1,1,5,Potential Loyalists
CUST_03725,58,11,119749.56,3,4,2,9,Potential Loyalists
CUST_03726,317,8,110703.87,1,2,2,5,Lost
CUST_03727,80,13,422781.77,2,5,5,12,Loyal Customers
CUST_03728,19,6,117106.0,4,1,2,7,Promising
CUST_03729,133,8,125758.4,1,2,2,5,Lost
CUST_03730,10,10,64285.15,5,3,1,9,Potential Loyalists
CUST_03731,6,13,314190.67000000004,5,5,4,14,Champions
CUST_03732,95,7,408924.76,2,1,5,8,Lost
CUST_03733,8,9,110733.98000000001,5,3,2,10,Loyal Customers
CUST_03734,103,10,187422.45,2,3,3,8,Potential Loyalists
CUST_03735,17,9,221721.36,5,3,3,11,Loyal Customers
CUST_03736,198,12,175969.16999999998,1,4,3,8,At Risk
CUST_03737,37,8,144168.13,4,2,2,8,Promising
CUST_03738,29,9,224033.62,4,3,3,10,Loyal Customers
CUST_03739,3,11,115988.61,5,4,2,11,Loyal Customers
CUST_03740,12,9,108816.67,5,3,2,10,Loyal Customers
CUST_03741,148,13,217020.25,1,5,3,9,At Risk
CUST_03742,18,10,440357.37,4,3,5,12,Loyal Customers
CUST_03743,159,8,175434.55,1,2,3,6,Lost
CUST_03744,14,11,137675.5,5,4,2,11,Loyal Customers
CUST_03745,31,7,149316.6,4,1,2,7,Promising
CUST_03746,13,9,97985.73999999999,5,3,1,9,Potential Loyalists
CUST_03747,31,11,568671.19,4,4,5,13,Champions
CUST_03748,204,10,163614.54,1,3,3,7,Potential Loyalists
CUST_03749,168,8,246371.17,1,2,4,7,Lost
CUST_03750,123,12,366236.92,1,4,5,10,Loyal Customers
CUST_03751,134,12,347562.83,1,4,5,10,Loyal Customers
CUST_03752,9,10,104132.75,5,3,2,10,Loyal Customers
CUST_03753,167,12,579208.45,1,4,5,10,Loyal Customers
CUST_03754,15,10,75549.5,5,3,1,9,Potential Loyalists
CUST_03755,24,5,77036.65,4,1,1,6,Promising
CUST_03756,43,16,239472.27000000002,3,5,4,12,Loyal Customers
CUST_03757,125,13,104895.48000000001,1,5,2,8,At Risk
CUST_03758,11,12,213533.03,5,4,3,12,Loyal Customers
CUST_03759,1,5,117069.80999999998,5,1,2,8,Promising
CUST_03760,49,5,75492.98,3,1,1,5,Potential Loyalists
CUST_03761,43,7,236954.02,3,1,4,8,Potential Loyalists
CUST_03762,66,8,308406.93,3,2,4,9,Potential Loyalists
CUST_03763,71,7,198010.78,2,1,3,6,Lost
CUST_03764,8,11,273639.54,5,4,4,13,Champions
CUST_03765,9,10,345014.58999999997,5,3,5,13,Champions
CUST_03766,83,10,143238.23,2,3,2,7,Potential Loyalists
CUST_03767,90,6,249143.49,2,1,4,7,Lost
CUST_03768,60,11,283034.11,3,4,4,11,Loyal Customers
CUST_03769,53,12,284640.98000000004,3,4,4,11,Loyal Customers
CUST_03770,58,12,214410.57,3,4,3,10,Loyal Customers
CUST_03771,55,13,142567.23,3,5,2,10,Loyal Customers
CUST_03772,128,7,247876.33,1,1,4,6,Lost
CUST_03773,33,9,100595.96,4,3,2,9,Potential Loyalists
CUST_03774,73,8,179078.73,2,2,3,7,Lost
CUST_03775,40,9,111684.76000000001,3,3,2,8,Potential Loyalists
CUST_03776,80,10,106530.81,2,3,2,7,Potential Loyalists
CUST_03777,15,7,178326.82000000004,5,1,3,9,Promising
CUST_03778,133,6,79945.92,1,1,1,3,Lost
CUST_03779,166,11,227685.15,1,4,3,8,At Risk
CUST_03780,2,14,274960.83,5,5,4,14,Champions
CUST_03781,130,10,199744.67,1,3,3,7,Potential Loyalists
CUST_03782,5,14,329205.86,5,5,4,14,Champions
CUST_03783,48,9,177377.83000000002,3,3,3,9,Potential Loyalists
CUST_03784,34,12,492907.6,4,4,5,13,Champions
CUST_03785,70,10,113412.12,2,3,2,7,Potential Loyalists
CUST_03786,41,14,319078.25,3,5,4,12,Loyal Customers
CUST_03787,208,6,231984.43,1,1,4,6,Lost
CUST_03788,310,5,225012.84,1,1,3,5,Lost
CUST_03789,76,12,161864.27,2,4,3,9,At Risk
CUST_03790,58,10,230987.32,3,3,3,9,Potential Loyalists
CUST_03791,6,10,167931.76,5,3,3,11,Loyal Customers
CUST_03792,3,11,39183.509999999995,5,4,1,10,Loyal Customers
CUST_03793,41,14,335763.54,3,5,5,13,Champions
CUST_03794,25,18,174098.68,4,5,3,12,Loyal Customers
CUST_03795,11,14,284058.28,5,5,4,14,Champions
CUST_03796,115,15,474665.57999999996,2,5,5,12,Loyal Customers
CUST_03797,4,7,135682.04,5,1,2,8,Promising
CUST_03798,95,14,179142.36,2,5,3,10,Loyal Customers
CUST_03799,19,10,297958.2,4,3,4,11,Loyal Customers
CUST_03800,80,14,129395.15000000001,2,5,2,9,At Risk
CUST_03801,61,11,353572.97000000003,3,4,5,12,Loyal Customers
CUST_03802,8,7,128529.35,5,1,2,8,Promising
CUST_03803,45,8,146266.89,3,2,2,7,Potential Loyalists
CUST_03804,68,3,16876.11,2,1,1,4,Lost
CUST_03805,75,7,430250.68,2,1,5,8,Lost
CUST_03806,54,11,164600.57,3,4,3,10,Loyal Customers
CUST_03807,58,15,391845.51,3,5,5,13,Champions
CUST_03808,47,9,64479.65,3,3,1,7,Potential Loyalists
CUST_03809,14,13,209270.27,5,5,3,13,Champions
CUST_03810,5,10,316056.71,5,3,4,12,Loyal Customers
CUST_03811,89,11,80035.34,2,4,1,7,At Risk
CUST_03812,13,10,192013.99,5,3,3,11,Loyal Customers
CUST_03813,55,11,147901.8,3,4,2,9,Potential Loyalists
CUST_03814,32,9,110678.09999999999,4,3,2,9,Potential Loyalists
CUST_03815,78,13,180977.21,2,5,3,10,Loyal Customers
CUST_03816,141,8,155823.95,1,2,2,5,Lost
CUST_03817,44,10,109308.16,3,3,2,8,Potential Loyalists
CUST_03818,207,6,19118.420000000002,1,1,1,3,Lost
CUST_03819,178,5,274669.42,1,1,4,6,Lost
CUST_03820,7,8,104175.16,5,2,2,9,Promising
CUST_03821,14,15,688332.86,5,5,5,15,Champions
CUST_03822,17,11,269862.7,5,4,4,13,Champions
CUST_03823,54,13,236220.97,3,5,4,12,Loyal Customers
CUST_03824,30,9,195973.84,4,3,3,10,Loyal Customers
CUST_03825,54,8,213275.56000000003,3,2,3,8,Potential Loyalists
CUST_03826,70,14,648790.63,2,5,5,12,Loyal Customers
CUST_03827,22,10,330857.48,4,3,4,11,Loyal Customers
CUST_03828,137,14,559771.51,1,5,5,11,Loyal Customers
CUST_03829,22,15,239980.35,4,5,4,13,Champions
CUST_03830,14,14,444450.85,5,5,5,15,Champions
CUST_03831,196,8,167499.02000000002,1,2,3,6,Lost
CUST_03832,111,6,32703.210000000003,2,1,1,4,Lost
CUST_03833,113,8,114291.25,2,2,2,6,Lost
CUST_03834,15,6,103004.02,5,1,2,8,Promising
CUST_03835,76,11,306028.04000000004,2,4,4,10,Loyal Customers
CUST_03836,55,11,85425.45,3,4,1,8,Potential Loyalists
CUST_03837,213,14,303426.85,1,5,4,10,Loyal Customers
CUST_03838,150,14,391127.44,1,5,5,11,Loyal Customers
CUST_03839,50,7,262249.81,3,1,4,8,Potential Loyalists
CUST_03840,25,13,96093.64,4,5,1,10,Loyal Customers
CUST_03841,2,12,149767.63,5,4,2,11,Loyal Customers
CUST_03842,88,11,109392.61,2,4,2,8,At Risk
CUST_03843,15,12,127665.66,5,4,2,11,Loyal Customers
CUST_03844,66,11,120934.07,3,4,2,9,Potential Loyalists
CUST_03845,35,11,365411.4,4,4,5,13,Champions
CUST_03846,7,9,271787.52,5,3,4,12,Loyal Customers
CUST_03847,122,11,232910.37,1,4,4,9,At Risk
CUST_03848,4,9,232018.47999999998,5,3,4,12,Loyal Customers
CUST_03849,16,13,349902.2,5,5,5,15,Champions
CUST_03850,38,10,76164.45999999999,4,3,1,8,Potential Loyalists
CUST_03851,127,10,216706.29,1,3,3,7,Potential Loyalists
CUST_03852,44,9,393566.69,3,3,5,11,Loyal Customers
CUST_03853,15,13,173167.08000000002,5,5,3,13,Champions
CUST_03854,2,9,89395.51,5,3,1,9,Potential Loyalists
CUST_03855,16,6,81158.54000000001,5,1,1,7,Promising
CUST_03856,51,11,117367.73,3,4,2,9,Potential Loyalists
CUST_03857,21,12,158019.47999999998,4,4,2,10,Loyal Customers
CUST_03858,28,8,71539.7,4,2,1,7,Promising
CUST_03859,131,9,220786.34,1,3,3,7,Potential Loyalists
CUST_03860,75,15,424563.94,2,5,5,12,Loyal Customers
CUST_03861,19,14,185794.55,4,5,3,12,Loyal Customers
CUST_03862,60,11,239559.28,3,4,4,11,Loyal Customers
CUST_03863,23,3,10109.21,4,1,1,6,Promising
CUST_03864,67,10,553023.5700000001,3,3,5,11,Loyal Customers
CUST_03865,10,14,814632.49,5,5,5,15,Champions
CUST_03866,106,12,133524.31,2,4,2,8,At Risk
CUST_03867,8,9,433918.04000000004,5,3,5,13,Champions
CUST_03868,81,7,79710.2,2,1,1,4,Lost
CUST_03869,42,13,343901.11,3,5,5,13,Champions
CUST_03870,5,15,147392.35,5,5,2,12,Loyal Customers
CUST_03871,61,13,233957.08000000002,3,5,4,12,Loyal Customers
CUST_03872,86,4,113018.09999999999,2,1,2,5,Lost
CUST_03873,56,8,107965.78,3,2,2,7,Potential Loyalists
CUST_03874,67,6,146537.81,3,1,2,6,Potential Loyalists
CUST_03875,5,9,330671.19999999995,5,3,4,12,Loyal Customers
CUST_03876,97,11,460294.93,2,4,5,11,Loyal Customers
CUST_03877,106,9,98026.49,2,3,1,6,Potential Loyalists
CUST_03878,69,10,77503.83,2,3,1,6,Potential Loyalists
CUST_03879,65,8,37083.22,3,2,1,6,Potential Loyalists
CUST_03880,33,11,167454.43,4,4,3,11,Loyal Customers
CUST_03881,2,16,352905.1,5,5,5,15,Champions
CUST_03882,74,6,53691.130000000005,2,1,1,4,Lost
CUST_03883,7,11,88525.62,5,4,1,10,Loyal Customers
CUST_03884,119,3,100835.75,2,1,2,5,Lost
CUST_03885,124,11,164446.0,1,4,3,8,At Risk
CUST_03886,183,11,164228.13,1,4,3,8,At Risk
CUST_03887,8,9,73500.91,5,3,1,9,Potential Loyalists
CUST_03888,59,11,166259.80000000002,3,4,3,10,Loyal Customers
CUST_03889,78,12,150021.98,2,4,2,8,At Risk
CUST_03890,119,17,276978.39,2,5,4,11,Loyal Customers
CUST_03891,86,9,177927.11,2,3,3,8,Potential Loyalists
CUST_03892,53,12,270755.49,3,4,4,11,Loyal Customers
CUST_03893,61,10,164241.97999999998,3,3,3,9,Potential Loyalists
CUST_03894,75,6,120358.08,2,1,2,5,Lost
CUST_03895,61,4,18182.9,3,1,1,5,Potential Loyalists
CUST_03896,9,8,528981.38,5,2,5,12,Loyal Customers
CUST_03897,183,10,286971.44,1,3,4,8,Potential Loyalists
CUST_03898,11,6,157195.06,5,1,2,8,Promising
CUST_03899,22,11,231700.18,4,4,4,12,Loyal Customers
CUST_03900,46,11,151430.37,3,4,2,9,Potential Loyalists
CUST_03901,16,11,207161.36,5,4,3,12,Loyal Customers
CUST_03902,64,11,151482.31,3,4,2,9,Potential Loyalists
CUST_03903,102,6,54293.780000000006,2,1,1,4,Lost
CUST_03904,28,8,403615.01,4,2,5,11,Loyal Customers
CUST_03905,171,11,261716.91999999998,1,4,4,9,At Risk
CUST_03906,236,5,103261.02,1,1,2,4,Lost
CUST_03907,22,13,462453.21,4,5,5,14,Champions
CUST_03908,90,12,234503.91,2,4,4,10,Loyal Customers
CUST_03909,14,9,113258.74,5,3,2,10,Loyal Customers
CUST_03910,300,7,137642.83000000002,1,1,2,4,Lost
CUST_03911,30,8,158542.55,4,2,2,8,Promising
CUST_03912,36,12,180474.84,4,4,3,11,Loyal Customers
CUST_03913,67,8,72754.07,3,2,1,6,Potential Loyalists
CUST_03914,74,10,85870.51,2,3,1,6,Potential Loyalists
CUST_03915,41,10,266761.61,3,3,4,10,Loyal Customers
CUST_03916,38,3,14891.45,4,1,1,6,Promising
CUST_03917,23,10,111070.45000000001,4,3,2,9,Potential Loyalists
CUST_03918,150,7,229789.42,1,1,3,5,Lost
CUST_03919,306,4,5057.5599999999995,1,1,1,3,Lost
CUST_03920,170,7,277614.83999999997,1,1,4,6,Lost
CUST_03921,15,14,198545.0,5,5,3,13,Champions
CUST_03922,84,11,260040.02000000002,2,4,4,10,Loyal Customers
CUST_03923,56,14,328971.36,3,5,4,12,Loyal Customers
CUST_03924,63,8,175120.51,3,2,3,8,Potential Loyalists
CUST_03925,211,6,237241.28,1,1,4,6,Lost
CUST_03926,56,8,293907.31,3,2,4,9,Potential Loyalists
CUST_03927,256,7,180705.18,1,1,3,5,Lost
CUST_03928,20,9,271851.49,4,3,4,11,Loyal Customers
CUST_03929,55,12,243497.63,3,4,4,11,Loyal Customers
CUST_03930,32,13,95045.73,4,5,1,10,Loyal Customers
CUST_03931,1,10,188521.74000000002,5,3,3,11,Loyal Customers
CUST_03932,146,8,315933.77,1,2,4,7,Lost
CUST_03933,34,13,184489.01,4,5,3,12,Loyal Customers
CUST_03934,6,10,103375.33,5,3,2,10,Loyal Customers
CUST_03935,39,12,163185.65,3,4,3,10,Loyal Customers
CUST_03936,91,9,254685.72,2,3,4,9,Potential Loyalists
CUST_03937,166,6,65682.59,1,1,1,3,Lost
CUST_03938,64,7,38742.439999999995,3,1,1,5,Potential Loyalists
CUST_03939,2,11,512095.32,5,4,5,14,Champions
CUST_03940,158,10,106880.92,1,3,2,6,Potential Loyalists
CUST_03941,9,12,457131.32999999996,5,4,5,14,Champions
CUST_03942,2,12,139943.46,5,4,2,11,Loyal Customers
CUST_03943,77,17,318458.62,2,5,4,11,Loyal Customers
CUST_03944,405,7,61269.56,1,1,1,3,Lost
CUST_03945,105,11,521448.29000000004,2,4,5,11,Loyal Customers
CUST_03946,149,14,162461.6,1,5,3,9,At Risk
CUST_03947,3,5,17597.440000000002,5,1,1,7,Promising
CUST_03948,151,9,153439.54,1,3,2,6,Potential Loyalists
CUST_03949,28,10,227035.24,4,3,3,10,Loyal Customers
CUST_03950,41,7,65623.67,3,1,1,5,Potential Loyalists
CUST_03951,4,10,170676.93999999997,5,3,3,11,Loyal Customers
CUST_03952,64,14,263531.16,3,5,4,12,Loyal Customers
CUST_03953,87,13,278998.77,2,5,4,11,Loyal Customers
CUST_03954,36,21,414860.67000000004,4,5,5,14,Champions
CUST_03955,100,7,148342.11,2,1,2,5,Lost
CUST_03956,20,12,361109.99,4,4,5,13,Champions
CUST_03957,30,10,311588.44,4,3,4,11,Loyal Customers
CUST_03958,145,10,540458.7,1,3,5,9,Potential Loyalists
CUST_03959,27,6,41502.29,4,1,1,6,Promising
CUST_03960,163,12,212796.3,1,4,3,8,At Risk
CUST_03961,52,11,469397.01,3,4,5,12,Loyal Customers
CUST_03962,23,8,209480.43,4,2,3,9,Promising
CUST_03963,12,16,120953.31,5,5,2,12,Loyal Customers
CUST_03964,15,13,136629.68,5,5,2,12,Loyal Customers
CUST_03965,106,9,171042.91,2,3,3,8,Potential Loyalists
CUST_03966,79,11,166601.22,2,4,3,9,At Risk
CUST_03967,88,11,88288.7,2,4,1,7,At Risk
CUST_03968,113,8,419692.08,2,2,5,9,Lost
CUST_03969,52,15,122099.64,3,5,2,10,Loyal Customers
CUST_03970,2,11,69118.69,5,4,1,10,Loyal Customers
CUST_03971,69,13,112860.13,2,5,2,9,At Risk
CUST_03972,2,10,133396.18,5,3,2,10,Loyal Customers
CUST_03973,72,12,334280.87,2,4,5,11,Loyal Customers
CUST_03974,81,6,300880.16,2,1,4,7,Lost
CUST_03975,127,9,68811.89,1,3,1,5,Potential Loyalists
CUST_03976,23,11,341733.31999999995,4,4,5,13,Champions
CUST_03977,47,16,428057.16,3,5,5,13,Champions
CUST_03978,45,14,156483.59,3,5,2,10,Loyal Customers
CUST_03979,30,12,76136.93000000001,4,4,1,9,Potential Loyalists
CUST_03980,134,6,148528.16999999998,1,1,2,4,Lost
CUST_03981,97,6,55610.76,2,1,1,4,Lost
CUST_03982,6,11,91409.3,5,4,1,10,Loyal Customers
CUST_03983,65,10,191706.53,3,3,3,9,Potential Loyalists
CUST_03984,81,9,52554.64,2,3,1,6,Potential Loyalists
CUST_03985,160,4,137650.16,1,1,2,4,Lost
CUST_03986,42,14,157847.55,3,5,2,10,Loyal Customers
CUST_03987,107,9,308547.73,2,3,4,9,Potential Loyalists
CUST_03988,23,14,285730.43000000005,4,5,4,13,Champions
CUST_03989,4,17,270808.57,5,5,4,14,Champions
CUST_03990,121,10,211429.39,1,3,3,7,Potential Loyalists
CUST_03991,42,14,230197.96,3,5,3,11,Loyal Customers
CUST_03992,36,10,334094.55,4,3,5,12,Loyal Customers
CUST_03993,127,5,299473.29,1,1,4,6,Lost
CUST_03994,24,9,290019.58999999997,4,3,4,11,Loyal Customers
CUST_03995,49,11,411114.39,3,4,5,12,Loyal Customers
CUST_03996,2,10,269057.18,5,3,4,12,Loyal Customers
CUST_03997,180,9,98923.84,1,3,1,5,Potential Loyalists
CUST_03998,7,12,399530.48000000004,5,4,5,14,Champions
CUST_03999,82,10,190416.3,2,3,3,8,Potential Loyalists
CUST_04000,162,10,245150.52,1,3,4,8,Potential Loyalists
CUST_04001,208,5,103669.45000000001,1,1,2,4,Lost
CUST_04002,174,8,449385.62,1,2,5,8,Lost
CUST_04003,60,9,477343.94,3,3,5,11,Loyal Customers
CUST_04004,19,7,69346.0,4,1,1,6,Promising
CUST_04005,3,12,264958.92,5,4,4,13,Champions
CUST_04006,43,10,186413.71,3,3,3,9,Potential Loyalists
CUST_04007,344,5,37194.310000000005,1,1,1,3,Lost
CUST_04008,28,13,231944.01,4,5,4,13,Champions
CUST_04009,140,11,274088.81,1,4,4,9,At Risk
CUST_04010,49,9,88396.65,3,3,1,7,Potential Loyalists
CUST_04011,30,14,448194.07,4,5,5,14,Champions
CUST_04012,1,8,148375.84,5,2,2,9,Promising
CUST_04013,52,11,248152.5,3,4,4,11,Loyal Customers
CUST_04014,43,11,318274.9,3,4,4,11,Loyal Customers
CUST_04015,67,10,139604.07,3,3,2,8,Potential Loyalists
CUST_04016,112,7,93775.69,2,1,1,4,Lost
CUST_04017,6,11,158429.0,5,4,2,11,Loyal Customers
CUST_04018,121,10,257246.36000000002,1,3,4,8,Potential Loyalists
CUST_04019,84,14,339957.37,2,5,5,12,Loyal Customers
CUST_04020,36,12,145636.76,4,4,2,10,Loyal Customers
CUST_04021,46,14,256891.37,3,5,4,12,Loyal Customers
CUST_04022,341,6,65207.73,1,1,1,3,Lost
CUST_04023,141,8,299855.93,1,2,4,7,Lost
CUST_04024,152,6,20627.81,1,1,1,3,Lost
CUST_04025,6,7,190044.0,5,1,3,9,Promising
CUST_04026,5,17,332463.61,5,5,5,15,Champions
CUST_04027,14,8,129721.84,5,2,2,9,Promising
CUST_04028,28,14,306011.03,4,5,4,13,Champions
CUST_04029,73,13,117303.81,2,5,2,9,At Risk
CUST_04030,111,14,198556.66,2,5,3,10,Loyal Customers
CUST_04031,298,7,183186.33,1,1,3,5,Lost
CUST_04032,39,8,215805.78,3,2,3,8,Potential Loyalists
CUST_04033,161,7,195453.75,1,1,3,5,Lost
CUST_04034,107,10,319807.77,2,3,4,9,Potential Loyalists
CUST_04035,199,7,143087.38999999998,1,1,2,4,Lost
CUST_04036,162,5,125339.56999999999,1,1,2,4,Lost
CUST_04037,62,11,168854.38,3,4,3,10,Loyal Customers
CUST_04038,16,9,851418.7,5,3,5,13,Champions
CUST_04039,4,13,329047.64,5,5,4,14,Champions
CUST_04040,115,10,140480.34,2,3,2,7,Potential Loyalists
CUST_04041,43,6,201143.27,3,1,3,7,Potential Loyalists
CUST_04042,15,16,389733.36000000004,5,5,5,15,Champions
CUST_04043,4,11,309901.51999999996,5,4,4,13,Champions
CUST_04044,36,16,266861.56,4,5,4,13,Champions
CUST_04045,8,9,87538.11,5,3,1,9,Potential Loyalists
CUST_04046,38,12,441975.09,4,4,5,13,Champions
CUST_04047,326,11,178944.4,1,4,3,8,At Risk
CUST_04048,98,12,202638.44999999998,2,4,3,9,At Risk
CUST_04049,128,14,406300.02,1,5,5,11,Loyal Customers
CUST_04050,83,12,162087.42,2,4,3,9,At Risk
CUST_04051,3,9,261747.69,5,3,4,12,Loyal Customers
CUST_04052,12,10,104824.87,5,3,2,10,Loyal Customers
CUST_04053,154,6,34998.63,1,1,1,3,Lost
CUST_04054,71,8,154223.99,2,2,2,6,Lost
CUST_04055,8,13,290116.53,5,5,4,14,Champions
CUST_04056,29,7,127700.09,4,1,2,7,Promising
CUST_04057,76,5,94465.33,2,1,1,4,Lost
CUST_04058,80,12,194290.26,2,4,3,9,At Risk
CUST_04059,15,14,354617.93,5,5,5,15,Champions
CUST_04060,21,10,454895.49999999994,4,3,5,12,Loyal Customers
CUST_04061,56,10,188292.1,3,3,3,9,Potential Loyalists
CUST_04062,164,9,287386.14999999997,1,3,4,8,Potential Loyalists
CUST_04063,17,10,198262.37,5,3,3,11,Loyal Customers
CUST_04064,91,16,354708.61,2,5,5,12,Loyal Customers
CUST_04065,45,11,333293.55,3,4,5,12,Loyal Customers
CUST_04066,2,16,358787.08,5,5,5,15,Champions
CUST_04067,33,12,123846.73000000001,4,4,2,10,Loyal Customers
CUST_04068,6,9,209371.68000000002,5,3,3,11,Loyal Customers
CUST_04069,17,8,193896.13,5,2,3,10,Loyal Customers
CUST_04070,30,7,162118.08,4,1,3,8,Promising
CUST_04071,85,15,227361.25,2,5,3,10,Loyal Customers
CUST_04072,20,10,45232.840000000004,4,3,1,8,Potential Loyalists
CUST_04073,66,11,385376.72000000003,3,4,5,12,Loyal Customers
CUST_04074,24,12,233576.1,4,4,4,12,Loyal Customers
CUST_04075,146,4,87565.15,1,1,1,3,Lost
CUST_04076,46,17,285036.92,3,5,4,12,Loyal Customers
CUST_04077,133,13,396559.05,1,5,5,11,Loyal Customers
CUST_04078,53,12,249561.12,3,4,4,11,Loyal Customers
CUST_04079,78,13,419988.35,2,5,5,12,Loyal Customers
CUST_04080,153,10,371700.25,1,3,5,9,Potential Loyalists
CUST_04081,97,14,147425.88999999998,2,5,2,9,At Risk
CUST_04082,75,12,60030.35,2,4,1,7,At Risk
CUST_04083,366,5,52100.58,1,1,1,3,Lost
CUST_04084,22,8,117396.95999999999,4,2,2,8,Promising
CUST_04085,59,10,81860.22,3,3,1,7,Potential Loyalists
CUST_04086,7,13,373974.44,5,5,5,15,Champions
CUST_04087,21,14,541154.85,4,5,5,14,Champions
CUST_04088,41,5,73543.64,3,1,1,5,Potential Loyalists
CUST_04089,31,12,285242.26,4,4,4,12,Loyal Customers
CUST_04090,62,7,250754.84999999998,3,1,4,8,Potential Loyalists
CUST_04091,46,11,308848.64999999997,3,4,4,11,Loyal Customers
CUST_04092,35,13,391012.62,4,5,5,14,Champions
CUST_04093,24,16,260523.2,4,5,4,13,Champions
CUST_04094,99,9,93271.13,2,3,1,6,Potential Loyalists
CUST_04095,3,14,239383.97,5,5,4,14,Champions
CUST_04096,105,7,147923.64,2,1,2,5,Lost
CUST_04097,130,13,220436.03,1,5,3,9,At Risk
CUST_04098,10,13,227748.06999999998,5,5,3,13,Champions
CUST_04099,158,4,42168.96,1,1,1,3,Lost
CUST_04100,58,10,595265.5700000001,3,3,5,11,Loyal Customers
CUST_04101,79,12,117854.26,2,4,2,8,At Risk
CUST_04102,11,8,117892.34999999999,5,2,2,9,Promising
CUST_04103,205,7,83673.17,1,1,1,3,Lost
CUST_04104,29,12,286158.43,4,4,4,12,Loyal Customers
CUST_04105,1,16,273867.24,5,5,4,14,Champions
CUST_04106,49,11,222049.07,3,4,3,10,Loyal Customers
CUST_04107,35,10,496238.12,4,3,5,12,Loyal Customers
CUST_04108,194,5,77796.4,1,1,1,3,Lost
CUST_04109,16,9,157227.52,5,3,2,10,Loyal Customers
CUST_04110,85,9,143820.36000000002,2,3,2,7,Potential Loyalists
CUST_04111,42,11,248659.30000000002,3,4,4,11,Loyal Customers
CUST_04112,43,13,259122.55000000002,3,5,4,12,Loyal Customers
CUST_04113,135,10,177076.66999999998,1,3,3,7,Potential Loyalists
CUST_04114,17,20,243824.75,5,5,4,14,Champions
CUST_04115,11,12,132344.75,5,4,2,11,Loyal Customers
CUST_04116,16,10,145492.15,5,3,2,10,Loyal Customers
CUST_04117,10,8,234724.2,5,2,4,11,Loyal Customers
CUST_04118,70,9,291620.74,2,3,4,9,Potential Loyalists
CUST_04119,81,9,204957.75,2,3,3,8,Potential Loyalists
CUST_04120,2,15,354250.49,5,5,5,15,Champions
CUST_04121,14,7,269305.92000000004,5,1,4,10,Loyal Customers
CUST_04122,24,8,46829.24,4,2,1,7,Promising
CUST_04123,137,8,536303.98,1,2,5,8,Lost
CUST_04124,3,13,263781.74,5,5,4,14,Champions
CUST_04125,1,18,368440.02999999997,5,5,5,15,Champions
CUST_04126,18,14,216017.11000000002,4,5,3,12,Loyal Customers
CUST_04127,11,11,351006.4,5,4,5,14,Champions
CUST_04128,6,14,464905.09,5,5,5,15,Champions
CUST_04129,92,6,76167.25,2,1,1,4,Lost
CUST_04130,77,6,65945.56999999999,2,1,1,4,Lost
CUST_04131,6,11,123596.89,5,4,2,11,Loyal Customers
CUST_04132,32,11,88856.69,4,4,1,9,Potential Loyalists
CUST_04133,21,9,308756.97000000003,4,3,4,11,Loyal Customers
CUST_04134,26,13,269348.38,4,5,4,13,Champions
CUST_04135,70,13,233986.62,2,5,4,11,Loyal Customers
CUST_04136,48,12,102970.78,3,4,2,9,Potential Loyalists
CUST_04137,112,10,293086.35,2,3,4,9,Potential Loyalists
CUST_04138,53,14,165727.61000000002,3,5,3,11,Loyal Customers
CUST_04139,106,9,218777.09999999998,2,3,3,8,Potential Loyalists
CUST_04140,87,14,246830.25999999998,2,5,4,11,Loyal Customers
CUST_04141,40,7,102048.06,3,1,2,6,Potential Loyalists
CUST_04142,14,6,36788.479999999996,5,1,1,7,Promising
CUST_04143,50,8,133134.84,3,2,2,7,Potential Loyalists
CUST_04144,88,12,200315.38,2,4,3,9,At Risk
CUST_04145,67,8,244443.23,3,2,4,9,Potential Loyalists
CUST_04146,23,11,178224.57,4,4,3,11,Loyal Customers
CUST_04147,13,18,397569.73,5,5,5,15,Champions
CUST_04148,11,12,398702.02,5,4,5,14,Champions
CUST_04149,90,11,205049.29,2,4,3,9,At Risk
CUST_04150,289,8,199068.23,1,2,3,6,Lost
CUST_04151,24,11,292798.66000000003,4,4,4,12,Loyal Customers
CUST_04152,33,12,225551.81,4,4,3,11,Loyal Customers
CUST_04153,200,18,344603.32,1,5,5,11,Loyal Customers
CUST_04154,79,6,175140.95,2,1,3,6,Lost
CUST_04155,125,8,75463.37,1,2,1,4,Lost
CUST_04156,69,10,163164.95,2,3,3,8,Potential Loyalists
CUST_04157,31,15,288671.2,4,5,4,13,Champions
CUST_04158,100,6,128743.24,2,1,2,5,Lost
CUST_04159,5,16,298262.68,5,5,4,14,Champions
CUST_04160,59,13,136523.51,3,5,2,10,Loyal Customers
CUST_04161,49,12,589014.3200000001,3,4,5,12,Loyal Customers
CUST_04162,200,7,36939.22,1,1,1,3,Lost
CUST_04163,34,7,56590.02,4,1,1,6,Promising
CUST_04164,40,11,153402.65999999997,3,4,2,9,Potential Loyalists
CUST_04165,17,7,47837.17,5,2,1,8,Promising
CUST_04166,43,5,48370.579999999994,3,1,1,5,Potential Loyalists
CUST_04167,58,11,288341.45,3,4,4,11,Loyal Customers
CUST_04168,27,17,185353.11,4,5,3,12,Loyal Customers
CUST_04169,109,6,209537.3,2,1,3,6,Lost
CUST_04170,58,13,427457.4600000001,3,5,5,13,Champions
CUST_04171,167,11,259630.97999999998,1,4,4,9,At Risk
CUST_04172,129,7,65618.54000000001,1,2,1,4,Lost
CUST_04173,54,5,50751.65,3,1,1,5,Potential Loyalists
CUST_04174,45,10,490116.25000000006,3,3,5,11,Loyal Customers
CUST_04175,31,11,181635.14,4,4,3,11,Loyal Customers
CUST_04176,26,11,256034.62,4,4,4,12,Loyal Customers
CUST_04177,29,10,273069.63,4,3,4,11,Loyal Customers
CUST_04178,71,9,94828.33,2,3,1,6,Potential Loyalists
CUST_04179,6,2,15702.84,5,1,1,7,Promising
CUST_04180,26,16,506199.98,4,5,5,14,Champions
CUST_04181,24,9,197194.46000000002,4,3,3,10,Loyal Customers
CUST_04182,7,9,248954.5,5,3,4,12,Loyal Customers
CUST_04183,102,8,634771.04,2,2,5,9,Lost
CUST_04184,30,7,71758.35,4,2,1,7,Promising
CUST_04185,69,6,143571.02,2,1,2,5,Lost
CUST_04186,8,17,345437.38,5,5,5,15,Champions
CUST_04187,31,14,252108.13,4,5,4,13,Champions
CUST_04188,32,11,166521.68,4,4,3,11,Loyal Customers
CUST_04189,100,12,352913.81999999995,2,4,5,11,Loyal Customers
CUST_04190,33,8,318621.76,4,2,4,10,Loyal Customers
CUST_04191,24,11,109282.26,4,4,2,10,Loyal Customers
CUST_04192,21,13,252841.72,4,5,4,13,Champions
CUST_04193,20,10,212487.14,4,3,3,10,Loyal Customers
CUST_04194,102,8,48840.89,2,2,1,5,Lost
CUST_04195,96,8,293769.69999999995,2,2,4,8,Lost
CUST_04196,240,8,380447.23,1,2,5,8,Lost
CUST_04197,16,11,294936.07,5,4,4,13,Champions
CUST_04198,40,17,545783.8300000001,3,5,5,13,Champions
CUST_04199,41,9,234500.92,3,3,4,10,Loyal Customers
CUST_04200,86,12,252256.34,2,4,4,10,Loyal Customers
CUST_04201,18,12,69829.37,4,4,1,9,Potential Loyalists
CUST_04202,175,7,312256.62,1,2,4,7,Lost
CUST_04203,64,11,326665.38,3,4,4,11,Loyal Customers
CUST_04204,64,10,220549.02000000002,3,3,3,9,Potential Loyalists
CUST_04205,26,14,202782.38,4,5,3,12,Loyal Customers
CUST_04206,56,7,90457.69,3,2,1,6,Potential Loyalists
CUST_04207,151,11,245738.65,1,4,4,9,At Risk
CUST_04208,8,10,245082.79,5,3,4,12,Loyal Customers
CUST_04209,15,8,225601.36,5,2,3,10,Loyal Customers
CUST_04210,149,10,93913.0,1,3,1,5,Potential Loyalists
CUST_04211,420,3,32378.38,1,1,1,3,Lost
CUST_04212,38,13,480557.07,4,5,5,14,Champions
CUST_04213,127,6,146919.51,1,1,2,4,Lost
CUST_04214,67,8,465215.2,3,2,5,10,Loyal Customers
CUST_04215,155,7,36720.48,1,2,1,4,Lost
CUST_04216,111,6,77430.13,2,1,1,4,Lost
CUST_04217,23,13,111758.97,4,5,2,11,Loyal Customers
CUST_04218,347,8,177715.13,1,2,3,6,Lost
CUST_04219,43,8,138683.29,3,2,2,7,Potential Loyalists
CUST_04220,69,9,52209.39,2,3,1,6,Potential Loyalists
CUST_04221,49,9,393040.99,3,3,5,11,Loyal Customers
CUST_04222,57,9,211197.72,3,3,3,9,Potential Loyalists
CUST_04223,45,9,115125.89,3,3,2,8,Potential Loyalists
CUST_04224,3,9,63536.71,5,3,1,9,Potential Loyalists
CUST_04225,104,12,290861.33999999997,2,4,4,10,Loyal Customers
CUST_04226,59,6,53147.91,3,1,1,5,Potential Loyalists
CUST_04227,40,12,244706.96,3,4,4,11,Loyal Customers
CUST_04228,146,10,242086.33000000002,1,3,4,8,Potential Loyalists
CUST_04229,5,11,169739.21,5,4,3,12,Loyal Customers
CUST_04230,2,17,311385.1,5,5,4,14,Champions
CUST_04231,53,9,99696.83,3,3,2,8,Potential Loyalists
CUST_04232,52,8,205826.84000000003,3,2,3,8,Potential Loyalists
CUST_04233,70,12,323837.74,2,4,4,10,Loyal Customers
CUST_04234,72,10,413525.81,2,3,5,10,Loyal Customers
CUST_04235,193,11,448460.48000000004,1,4,5,10,Loyal Customers
CUST_04236,12,16,127352.37,5,5,2,12,Loyal Customers
CUST_04237,56,4,241445.59,3,1,4,8,Potential Loyalists
CUST_04238,68,13,108552.92,2,5,2,9,At Risk
CUST_04239,71,10,147036.81,2,3,2,7,Potential Loyalists
CUST_04240,25,8,48243.18,4,2,1,7,Promising
CUST_04241,33,16,339414.69,4,5,5,14,Champions
CUST_04242,105,9,231375.82,2,3,4,9,Potential Loyalists
CUST_04243,62,9,87927.53,3,3,1,7,Potential Loyalists
CUST_04244,45,12,337092.18000000005,3,4,5,12,Loyal Customers
CUST_04245,107,10,190784.33,2,3,3,8,Potential Loyalists
CUST_04246,57,8,118232.42,3,2,2,7,Potential Loyalists
CUST_04247,101,7,46793.68,2,2,1,5,Lost
CUST_04248,20,7,185968.08000000002,4,2,3,9,Promising
CUST_04249,152,9,122109.28,1,3,2,6,Potential Loyalists
CUST_04250,1,13,244303.18,5,5,4,14,Champions
CUST_04251,9,14,262976.25,5,5,4,14,Champions
CUST_04252,63,9,160781.08,3,3,3,9,Potential Loyalists
CUST_04253,45,12,169697.49,3,4,3,10,Loyal Customers
CUST_04254,54,11,406031.22000000003,3,4,5,12,Loyal Customers
CUST_04255,77,10,231704.42,2,3,4,9,Potential Loyalists
CUST_04256,34,10,268221.07999999996,4,3,4,11,Loyal Customers
CUST_04257,37,16,432911.08,4,5,5,14,Champions
CUST_04258,39,16,239814.13999999998,3,5,4,12,Loyal Customers
CUST_04259,1,16,180646.82,5,5,3,13,Champions
CUST_04260,64,8,163197.68999999997,3,2,3,8,Potential Loyalists
CUST_04261,62,12,230301.44,3,4,3,10,Loyal Customers
CUST_04262,63,7,222560.69,3,2,3,8,Potential Loyalists
CUST_04263,278,8,141323.43,1,2,2,5,Lost
CUST_04264,3,8,41877.63,5,2,1,8,Promising
CUST_04265,192,9,200880.75999999998,1,3,3,7,Potential Loyalists
CUST_04266,22,15,241720.78999999998,4,5,4,13,Champions
CUST_04267,81,10,246335.36000000002,2,3,4,9,Potential Loyalists
CUST_04268,83,11,246917.11000000002,2,4,4,10,Loyal Customers
CUST_04269,102,10,215890.02,2,3,3,8,Potential Loyalists
CUST_04270,115,7,281406.04,2,2,4,8,Lost
CUST_04271,3,10,388771.9,5,3,5,13,Champions
CUST_04272,22,12,346228.21,4,4,5,13,Champions
CUST_04273,4,11,224164.37000000002,5,4,3,12,Loyal Customers
CUST_04274,96,6,234811.27,2,1,4,7,Lost
CUST_04275,101,9,77289.46,2,3,1,6,Potential Loyalists
CUST_04276,50,16,330419.31,3,5,4,12,Loyal Customers
CUST_04277,10,15,258874.39,5,5,4,14,Champions
CUST_04278,61,8,325446.81,3,2,4,9,Potential Loyalists
CUST_04279,39,11,679087.33,3,4,5,12,Loyal Customers
CUST_04280,81,8,266017.69,2,2,4,8,Lost
CUST_04281,232,9,469795.61,1,3,5,9,Potential Loyalists
CUST_04282,136,14,429676.49,1,5,5,11,Loyal Customers
CUST_04283,291,5,212385.81,1,1,3,5,Lost
CUST_04284,37,5,157328.13,4,1,2,7,Promising
CUST_04285,46,13,214258.81,3,5,3,11,Loyal Customers
CUST_04286,46,9,217088.74,3,3,3,9,Potential Loyalists
CUST_04287,56,8,226320.04000000004,3,2,3,8,Potential Loyalists
CUST_04288,23,12,289080.18000000005,4,4,4,12,Loyal Customers
CUST_04289,75,11,417226.41000000003,2,4,5,11,Loyal Customers
CUST_04290,30,14,515995.12,4,5,5,14,Champions
CUST_04291,14,7,385582.57,5,2,5,12,Loyal Customers
CUST_04292,36,10,286974.37,4,3,4,11,Loyal Customers
CUST_04293,98,9,46821.729999999996,2,3,1,6,Potential Loyalists
CUST_04294,133,9,621213.26,1,3,5,9,Potential Loyalists
CUST_04295,26,13,144492.05,4,5,2,11,Loyal Customers
CUST_04296,24,10,75501.68,4,3,1,8,Potential Loyalists
CUST_04297,40,10,99225.17,3,3,1,7,Potential Loyalists
CUST_04298,20,8,437747.42,4,2,5,11,Loyal Customers
CUST_04299,78,6,121310.53,2,1,2,5,Lost
CUST_04300,51,11,69171.17,3,4,1,8,Potential Loyalists
CUST_04301,5,8,202340.78,5,2,3,10,Loyal Customers
CUST_04302,47,12,177093.1,3,4,3,10,Loyal Customers
CUST_04303,20,10,388802.69,4,3,5,12,Loyal Customers
CUST_04304,5,15,308175.17,5,5,4,14,Champions
CUST_04305,12,9,294290.15,5,3,4,12,Loyal Customers
CUST_04306,33,9,81330.37,4,3,1,8,Potential Loyalists
CUST_04307,49,16,656871.84,3,5,5,13,Champions
CUST_04308,22,8,81316.46,4,2,1,7,Promising
CUST_04309,168,5,235526.98,1,1,4,6,Lost
CUST_04310,124,8,25601.300000000003,1,2,1,4,Lost
CUST_04311,58,9,97020.68,3,3,1,7,Potential Loyalists
CUST_04312,86,16,205350.54,2,5,3,10,Loyal Customers
CUST_04313,49,12,150098.78,3,4,2,9,Potential Loyalists
CUST_04314,65,10,133414.65,3,3,2,8,Potential Loyalists
CUST_04315,216,7,31808.730000000003,1,2,1,4,Lost
CUST_04316,1,11,95407.0,5,4,1,10,Loyal Customers
CUST_04317,47,8,192950.28999999998,3,2,3,8,Potential Loyalists
CUST_04318,221,9,239345.16999999998,1,3,4,8,Potential Loyalists
CUST_04319,90,7,49043.28999999999,2,2,1,5,Lost
CUST_04320,37,11,284139.67,4,4,4,12,Loyal Customers
CUST_04321,72,7,319801.6,2,2,4,8,Lost
CUST_04322,57,5,10276.81,3,1,1,5,Potential Loyalists
CUST_04323,73,9,463192.39,2,3,5,10,Loyal Customers
CUST_04324,27,11,112960.09,4,4,2,10,Loyal Customers
CUST_04325,64,9,414211.76,3,3,5,11,Loyal Customers
CUST_04326,77,9,200266.31,2,3,3,8,Potential Loyalists
CUST_04327,30,10,62951.48,4,3,1,8,Potential Loyalists
CUST_04328,8,10,204734.47999999998,5,3,3,11,Loyal Customers
CUST_04329,56,8,56106.17,3,2,1,6,Potential Loyalists
CUST_04330,13,14,212619.95,5,5,3,13,Champions
CUST_04331,108,9,306770.09,2,3,4,9,Potential Loyalists
CUST_04332,14,15,258127.42,5,5,4,14,Champions
CUST_04333,27,14,257529.62,4,5,4,13,Champions
CUST_04334,138,12,129172.12,1,4,2,7,At Risk
CUST_04335,207,7,52664.4,1,2,1,4,Lost
CUST_04336,31,14,363753.78,4,5,5,14,Champions
CUST_04337,40,14,413090.29,3,5,5,13,Champions
CUST_04338,90,10,262485.88,2,3,4,9,Potential Loyalists
CUST_04339,98,13,319760.68,2,5,4,11,Loyal Customers
CUST_04340,7,7,180407.91999999998,5,2,3,10,Loyal Customers
CUST_04341,19,14,140108.84,4,5,2,11,Loyal Customers
CUST_04342,69,11,152384.06999999998,2,4,2,8,At Risk
CUST_04343,129,7,58745.52,1,2,1,4,Lost
CUST_04344,14,11,196798.99,5,4,3,12,Loyal Customers
CUST_04345,65,14,203022.44999999998,3,5,3,11,Loyal Customers
CUST_04346,28,11,293275.25,4,4,4,12,Loyal Customers
CUST_04347,30,11,249620.38,4,4,4,12,Loyal Customers
CUST_04348,158,6,53112.15,1,1,1,3,Lost
CUST_04349,108,9,319963.02,2,3,4,9,Potential Loyalists
CUST_04350,107,7,150447.66,2,2,2,6,Lost
CUST_04351,12,12,70460.2,5,4,1,10,Loyal Customers
CUST_04352,25,7,65850.28,4,2,1,7,Promising
CUST_04353,90,10,169939.58000000002,2,3,3,8,Potential Loyalists
CUST_04354,63,6,12346.99,3,1,1,5,Potential Loyalists
CUST_04355,82,10,87417.52,2,3,1,6,Potential Loyalists
CUST_04356,10,10,214288.67,5,3,3,11,Loyal Customers
CUST_04357,30,11,220784.03,4,4,3,11,Loyal Customers
CUST_04358,36,9,311560.41,4,3,4,11,Loyal Customers
CUST_04359,8,11,163193.56,5,4,3,12,Loyal Customers
CUST_04360,35,12,243889.0,4,4,4,12,Loyal Customers
CUST_04361,16,6,73695.34999999999,5,1,1,7,Promising
CUST_04362,37,7,50319.69,4,2,1,7,Promising
CUST_04363,4,11,510711.64,5,4,5,14,Champions
CUST_04364,602,3,5138.38,1,1,1,3,Lost
CUST_04365,3,7,246542.48,5,2,4,11,Loyal Customers
CUST_04366,25,17,401361.59,4,5,5,14,Champions
CUST_04367,94,7,127014.64,2,2,2,6,Lost
CUST_04368,37,8,190069.16,4,2,3,9,Promising
CUST_04369,356,4,6913.23,1,1,1,3,Lost
CUST_04370,80,11,230286.66999999998,2,4,3,9,At Risk
CUST_04371,53,10,197080.95,3,3,3,9,Potential Loyalists
CUST_04372,27,14,302595.33,4,5,4,13,Champions
CUST_04373,30,7,328660.09,4,2,4,10,Loyal Customers
CUST_04374,57,9,106110.51000000001,3,3,2,8,Potential Loyalists
CUST_04375,58,9,225512.36000000002,3,3,3,9,Potential Loyalists
CUST_04376,41,16,267648.45999999996,3,5,4,12,Loyal Customers
CUST_04377,120,8,158127.96,1,2,2,5,Lost
CUST_04378,67,9,135916.34999999998,3,3,2,8,Potential Loyalists
CUST_04379,74,5,28245.6,2,1,1,4,Lost
CUST_04380,67,10,262856.8,3,3,4,10,Loyal Customers
CUST_04381,110,7,99873.07,2,2,2,6,Lost
CUST_04382,6,14,351081.94,5,5,5,15,Champions
CUST_04383,60,12,346262.93,3,4,5,12,Loyal Customers
CUST_04384,47,10,383608.23000000004,3,3,5,11,Loyal Customers
CUST_04385,16,10,74522.23,5,3,1,9,Potential Loyalists
CUST_04386,49,14,276241.08,3,5,4,12,Loyal Customers
CUST_04387,27,16,396824.37,4,5,5,14,Champions
CUST_04388,65,8,112773.03,3,2,2,7,Potential Loyalists
CUST_04389,33,12,310541.66,4,4,4,12,Loyal Customers
CUST_04390,31,12,274693.5,4,4,4,12,Loyal Customers
CUST_04391,43,10,142152.58000000002,3,3,2,8,Potential Loyalists
CUST_04392,29,11,370015.92000000004,4,4,5,13,Champions
CUST_04393,61,8,45616.01,3,2,1,6,Potential Loyalists
CUST_04394,4,9,361667.00999999995,5,3,5,13,Champions
CUST_04395,52,7,38161.45,3,2,1,6,Potential Loyalists
CUST_04396,62,10,96575.14,3,3,1,7,Potential Loyalists
CUST_04397,90,4,44937.95,2,1,1,4,Lost
CUST_04398,19,15,388641.37,4,5,5,14,Champions
CUST_04399,108,12,626359.79,2,4,5,11,Loyal Customers
CUST_04400,129,8,215108.17000000004,1,2,3,6,Lost
CUST_04401,170,12,261889.61000000002,1,4,4,9,At Risk
CUST_04402,35,11,378954.82,4,4,5,13,Champions
CUST_04403,5,11,201572.08000000002,5,4,3,12,Loyal Customers
CUST_04404,18,13,266777.34,4,5,4,13,Champions
CUST_04405,97,8,208814.33000000002,2,2,3,7,Lost
CUST_04406,69,13,180253.7,2,5,3,10,Loyal Customers
CUST_04407,33,6,53037.56,4,1,1,6,Promising
CUST_04408,44,8,98169.59,3,2,1,6,Potential Loyalists
CUST_04409,235,7,159537.03,1,2,3,6,Lost
CUST_04410,123,12,126230.34,1,4,2,7,At Risk
CUST_04411,8,12,654880.46,5,4,5,14,Champions
CUST_04412,11,11,158328.48,5,4,2,11,Loyal Customers
CUST_04413,180,6,204746.01,1,1,3,5,Lost
CUST_04414,47,17,297988.8,3,5,4,12,Loyal Customers
CUST_04415,3,9,165957.49,5,3,3,11,Loyal Customers
CUST_04416,158,11,119626.33,1,4,2,7,At Risk
CUST_04417,253,4,17300.9,1,1,1,3,Lost
CUST_04418,24,14,285664.4,4,5,4,13,Champions
CUST_04419,60,9,224005.66999999998,3,3,3,9,Potential Loyalists
CUST_04420,97,7,440817.33,2,2,5,9,Lost
CUST_04421,15,10,349948.32,5,3,5,13,Champions
CUST_04422,84,8,77978.0,2,2,1,5,Lost
CUST_04423,87,11,95166.28,2,4,1,7,At Risk
CUST_04424,54,11,365996.89999999997,3,4,5,12,Loyal Customers
CUST_04425,37,5,98927.33,4,1,1,6,Promising
CUST_04426,83,10,128429.09,2,3,2,7,Potential Loyalists
CUST_04427,162,13,149614.0,1,5,2,8,At Risk
CUST_04428,16,9,132201.22999999998,5,3,2,10,Loyal Customers
CUST_04429,51,7,307176.47,3,2,4,9,Potential Loyalists
CUST_04430,33,5,70751.86,4,1,1,6,Promising
CUST_04431,41,11,195030.84,3,4,3,10,Loyal Customers
CUST_04432,54,9,330652.98,3,3,4,10,Loyal Customers
CUST_04433,12,9,99821.83,5,3,2,10,Loyal Customers
CUST_04434,66,14,302619.15,3,5,4,12,Loyal Customers
CUST_04435,63,13,182935.7,3,5,3,11,Loyal Customers
CUST_04436,43,19,267583.62,3,5,4,12,Loyal Customers
CUST_04437,212,6,95282.85,1,1,1,3,Lost
CUST_04438,21,11,249019.86999999997,4,4,4,12,Loyal Customers
CUST_04439,25,20,775723.91,4,5,5,14,Champions
CUST_04440,45,12,210954.74,3,4,3,10,Loyal Customers
CUST_04441,89,10,247891.68,2,3,4,9,Potential Loyalists
CUST_04442,20,14,409140.55,4,5,5,14,Champions
CUST_04443,101,3,57911.72,2,1,1,4,Lost
CUST_04444,30,10,100430.58,4,3,2,9,Potential Loyalists
CUST_04445,132,6,104870.45,1,1,2,4,Lost
CUST_04446,171,8,73114.11,1,2,1,4,Lost
CUST_04447,69,16,369137.58999999997,2,5,5,12,Loyal Customers
CUST_04448,488,4,366593.52,1,1,5,7,Lost
CUST_04449,16,8,115650.01,5,2,2,9,Promising
CUST_04450,12,10,155635.22999999998,5,3,2,10,Loyal Customers
CUST_04451,5,10,323013.99,5,3,4,12,Loyal Customers
CUST_04452,182,13,214572.06,1,5,3,9,At Risk
CUST_04453,20,10,186381.43,4,3,3,10,Loyal Customers
CUST_04454,15,8,309555.49,5,2,4,11,Loyal Customers
CUST_04455,13,10,206605.35,5,3,3,11,Loyal Customers
CUST_04456,188,6,109695.7,1,1,2,4,Lost
CUST_04457,131,6,466663.66000000003,1,1,5,7,Lost
CUST_04458,188,9,224036.65,1,3,3,7,Potential Loyalists
CUST_04459,260,4,104032.9,1,1,2,4,Lost
CUST_04460,136,10,58810.35,1,3,1,5,Potential Loyalists
CUST_04461,9,15,362242.51,5,5,5,15,Champions
CUST_04462,93,15,143333.98,2,5,2,9,At Risk
CUST_04463,202,9,70898.87,1,3,1,5,Potential Loyalists
CUST_04464,31,8,89404.17,4,2,1,7,Promising
CUST_04465,13,11,212966.49,5,4,3,12,Loyal Customers
CUST_04466,39,11,135964.01,3,4,2,9,Potential Loyalists
CUST_04467,51,8,236535.04000000004,3,2,4,9,Potential Loyalists
CUST_04468,48,9,83079.73000000001,3,3,1,7,Potential Loyalists
CUST_04469,9,13,475491.38999999996,5,5,5,15,Champions
CUST_04470,46,8,281906.75,3,2,4,9,Potential Loyalists
CUST_04471,120,8,404648.58,1,2,5,8,Lost
CUST_04472,30,9,39070.54,4,3,1,8,Potential Loyalists
CUST_04473,21,8,539591.61,4,2,5,11,Loyal Customers
CUST_04474,79,12,417039.02999999997,2,4,5,11,Loyal Customers
CUST_04475,119,8,27337.68,2,2,1,5,Lost
CUST_04476,17,15,443129.71,5,5,5,15,Champions
CUST_04477,70,10,149351.59,2,3,2,7,Potential Loyalists
CUST_04478,116,7,137803.52000000002,2,2,2,6,Lost
CUST_04479,61,9,137207.11000000002,3,3,2,8,Potential Loyalists
CUST_04480,148,9,171280.85,1,3,3,7,Potential Loyalists
CUST_04481,69,4,257777.89,2,1,4,7,Lost
CUST_04482,73,8,47145.48,2,2,1,5,Lost
CUST_04483,7,12,379829.02,5,4,5,14,Champions
CUST_04484,139,2,299881.35,1,1,4,6,Lost
CUST_04485,37,11,286581.42000000004,4,4,4,12,Loyal Customers
CUST_04486,111,11,164510.38999999998,2,4,3,9,At Risk
CUST_04487,260,7,323606.4,1,2,4,7,Lost
CUST_04488,81,10,173865.78,2,3,3,8,Potential Loyalists
CUST_04489,17,9,148412.02000000002,5,3,2,10,Loyal Customers
CUST_04490,67,17,459947.8,3,5,5,13,Champions
CUST_04491,23,13,298079.92,4,5,4,13,Champions
CUST_04492,139,12,125568.12,1,4,2,7,At Risk
CUST_04493,122,11,502712.38,1,4,5,10,Loyal Customers
CUST_04494,24,9,93226.45999999999,4,3,1,8,Potential Loyalists
CUST_04495,20,8,320844.16000000003,4,2,4,10,Loyal Customers
CUST_04496,108,6,75238.14,2,1,1,4,Lost
CUST_04497,139,15,380063.37,1,5,5,11,Loyal Customers
CUST_04498,53,7,17448.64,3,2,1,6,Potential Loyalists
CUST_04499,98,10,126027.34,2,3,2,7,Potential Loyalists
CUST_04500,61,8,181199.53,3,2,3,8,Potential Loyalists
CUST_04501,34,10,106082.17,4,3,2,9,Potential Loyalists
CUST_04502,223,9,536797.28,1,3,5,9,Potential Loyalists
CUST_04503,28,9,266789.39,4,3,4,11,Loyal Customers
CUST_04504,35,10,71274.18,4,3,1,8,Potential Loyalists
CUST_04505,4,7,464168.92,5,2,5,12,Loyal Customers
CUST_04506,68,10,248985.41999999998,2,3,4,9,Potential Loyalists
CUST_04507,10,13,106822.97,5,5,2,12,Loyal Customers
CUST_04508,266,6,48829.39,1,1,1,3,Lost
CUST_04509,153,6,49534.96,1,1,1,3,Lost
CUST_04510,1,10,396888.4,5,3,5,13,Champions
CUST_04511,133,11,69831.96,1,4,1,6,At Risk
CUST_04512,226,6,36735.4,1,1,1,3,Lost
CUST_04513,40,8,68543.11,3,2,1,6,Potential Loyalists
CUST_04514,111,11,105768.15,2,4,2,8,At Risk
CUST_04515,283,3,49246.85,1,1,1,3,Lost
CUST_04516,119,6,50944.39,2,1,1,4,Lost
CUST_04517,153,5,179911.04,1,1,3,5,Lost
CUST_04518,63,5,187344.48,3,1,3,7,Potential Loyalists
CUST_04519,34,11,232723.61,4,4,4,12,Loyal Customers
CUST_04520,41,13,162762.98,3,5,3,11,Loyal Customers
CUST_04521,73,13,490394.36,2,5,5,12,Loyal Customers
CUST_04522,63,11,130812.13,3,4,2,9,Potential Loyalists
CUST_04523,114,10,153639.37,2,3,2,7,Potential Loyalists
CUST_04524,14,12,785503.76,5,4,5,14,Champions
CUST_04525,15,7,120012.92000000001,5,2,2,9,Promising
CUST_04526,15,10,484639.16000000003,5,3,5,13,Champions
CUST_04527,24,16,59510.52,4,5,1,10,Loyal Customers
CUST_04528,159,9,336030.02,1,3,5,9,Potential Loyalists
CUST_04529,36,14,449306.98,4,5,5,14,Champions
CUST_04530,60,16,287253.08,3,5,4,12,Loyal Customers
CUST_04531,82,6,61476.06999999999,2,1,1,4,Lost
CUST_04532,14,9,184344.03,5,3,3,11,Loyal Customers
CUST_04533,14,9,70189.72,5,3,1,9,Potential Loyalists
CUST_04534,78,8,425130.27,2,2,5,9,Lost
CUST_04535,29,8,514084.99,4,2,5,11,Loyal Customers
CUST_04536,62,12,178927.42,3,4,3,10,Loyal Customers
CUST_04537,45,11,478620.95,3,4,5,12,Loyal Customers
CUST_04538,2,10,178623.16,5,3,3,11,Loyal Customers
CUST_04539,130,12,121234.6,1,4,2,7,At Risk
CUST_04540,58,8,158374.09999999998,3,2,2,7,Potential Loyalists
CUST_04541,14,6,163445.37,5,1,3,9,Promising
CUST_04542,118,9,104241.64,2,3,2,7,Potential Loyalists
CUST_04543,9,10,132254.65,5,3,2,10,Loyal Customers
CUST_04544,10,16,593763.14,5,5,5,15,Champions
CUST_04545,63,14,186892.38999999998,3,5,3,11,Loyal Customers
CUST_04546,34,13,529335.38,4,5,5,14,Champions
CUST_04547,57,8,50646.38,3,2,1,6,Potential Loyalists
CUST_04548,186,8,399047.29,1,2,5,8,Lost
CUST_04549,6,15,217231.86,5,5,3,13,Champions
CUST_04550,39,7,210137.69999999998,3,2,3,8,Potential Loyalists
CUST_04551,5,10,468510.66,5,3,5,13,Champions
CUST_04552,57,9,117203.07999999999,3,3,2,8,Potential Loyalists
CUST_04553,46,13,225551.59,3,5,3,11,Loyal Customers
CUST_04554,58,11,392491.12,3,4,5,12,Loyal Customers
CUST_04555,151,6,192464.53,1,1,3,5,Lost
CUST_04556,65,13,172570.44999999998,3,5,3,11,Loyal Customers
CUST_04557,85,8,264812.77,2,2,4,8,Lost
CUST_04558,15,11,1063159.7,5,4,5,14,Champions
CUST_04559,92,12,387176.04,2,4,5,11,Loyal Customers
CUST_04560,32,8,426323.04,4,2,5,11,Loyal Customers
CUST_04561,29,14,483622.93,4,5,5,14,Champions
CUST_04562,111,5,336613.7,2,1,5,8,Lost
CUST_04563,16,8,161605.96000000002,5,2,3,10,Loyal Customers
CUST_04564,16,14,580270.28,5,5,5,15,Champions
CUST_04565,40,7,59144.27,3,2,1,6,Potential Loyalists
CUST_04566,12,12,102534.92,5,4,2,11,Loyal Customers
CUST_04567,116,14,345019.0,2,5,5,12,Loyal Customers
CUST_04568,171,6,111579.95999999999,1,1,2,4,Lost
CUST_04569,228,9,191086.11000000002,1,3,3,7,Potential Loyalists
CUST_04570,55,8,89393.01000000001,3,2,1,6,Potential Loyalists
CUST_04571,2,12,199217.66999999998,5,4,3,12,Loyal Customers
CUST_04572,6,13,161990.72,5,5,3,13,Champions
CUST_04573,50,9,442938.31,3,3,5,11,Loyal Customers
CUST_04574,36,12,225906.84,4,4,3,11,Loyal Customers
CUST_04575,52,16,223195.55000000002,3,5,3,11,Loyal Customers
CUST_04576,33,6,70570.59,4,1,1,6,Promising
CUST_04577,89,9,344892.43,2,3,5,10,Loyal Customers
CUST_04578,129,11,52096.84,1,4,1,6,At Risk
CUST_04579,15,10,452755.54000000004,5,3,5,13,Champions
CUST_04580,36,14,170152.12,4,5,3,12,Loyal Customers
CUST_04581,113,15,620393.89,2,5,5,12,Loyal Customers
CUST_04582,11,9,78408.59,5,3,1,9,Potential Loyalists
CUST_04583,82,8,280363.65,2,2,4,8,Lost
CUST_04584,40,12,120307.28,3,4,2,9,Potential Loyalists
CUST_04585,178,11,173086.8,1,4,3,8,At Risk
CUST_04586,57,9,105992.20999999999,3,3,2,8,Potential Loyalists
CUST_04587,63,7,183596.11,3,2,3,8,Potential Loyalists
CUST_04588,298,4,231999.8,1,1,4,6,Lost
CUST_04589,4,20,553883.75,5,5,5,15,Champions
CUST_04590,44,11,205793.82,3,4,3,10,Loyal Customers
CUST_04591,157,8,178346.9,1,2,3,6,Lost
CUST_04592,32,5,172852.04,4,1,3,8,Promising
CUST_04593,171,10,333894.87,1,3,5,9,Potential Loyalists
CUST_04594,4,10,369900.06999999995,5,3,5,13,Champions
CUST_04595,23,10,138105.9,4,3,2,9,Potential Loyalists
CUST_04596,94,13,578663.39,2,5,5,12,Loyal Customers
CUST_04597,126,5,80198.75,1,1,1,3,Lost
CUST_04598,136,14,216330.84,1,5,3,9,At Risk
CUST_04599,66,12,364753.98,3,4,5,12,Loyal Customers
CUST_04600,64,17,506518.69999999995,3,5,5,13,Champions
CUST_04601,20,10,255755.55,4,3,4,11,Loyal Customers
CUST_04602,14,10,124268.58,5,3,2,10,Loyal Customers
CUST_04603,2,11,378655.82,5,4,5,14,Champions
CUST_04604,28,12,278706.54,4,4,4,12,Loyal Customers
CUST_04605,217,6,98707.76000000001,1,1,1,3,Lost
CUST_04606,60,8,113472.93000000001,3,2,2,7,Potential Loyalists
CUST_04607,50,11,468602.48,3,4,5,12,Loyal Customers
CUST_04608,6,10,114721.08,5,3,2,10,Loyal Customers
CUST_04609,79,10,262517.57,2,3,4,9,Potential Loyalists
CUST_04610,58,9,147325.51,3,3,2,8,Potential Loyalists
CUST_04611,163,8,121149.2,1,2,2,5,Lost
CUST_04612,14,11,386412.47,5,4,5,14,Champions
CUST_04613,17,15,226275.23,5,5,3,13,Champions
CUST_04614,3,22,314354.22,5,5,4,14,Champions
CUST_04615,110,17,168086.94,2,5,3,10,Loyal Customers
CUST_04616,137,8,119187.94,1,2,2,5,Lost
CUST_04617,48,9,194018.97,3,3,3,9,Potential Loyalists
CUST_04618,98,14,287277.43,2,5,4,11,Loyal Customers
CUST_04619,27,13,116515.76,4,5,2,11,Loyal Customers
CUST_04620,17,9,76509.65000000001,5,3,1,9,Potential Loyalists
CUST_04621,14,9,602068.03,5,3,5,13,Champions
CUST_04622,259,8,63142.41,1,2,1,4,Lost
CUST_04623,207,7,85858.07,1,2,1,4,Lost
CUST_04624,13,9,113609.65,5,3,2,10,Loyal Customers
CUST_04625,72,13,304669.07,2,5,4,11,Loyal Customers
CUST_04626,110,12,827425.0800000001,2,4,5,11,Loyal Customers
CUST_04627,37,12,359398.96,4,4,5,13,Champions
CUST_04628,23,13,235946.57,4,5,4,13,Champions
CUST_04629,31,8,131309.82,4,2,2,8,Promising
CUST_04630,354,3,161654.80000000002,1,1,3,5,Lost
CUST_04631,18,13,387789.01,4,5,5,14,Champions
CUST_04632,76,14,496267.11,2,5,5,12,Loyal Customers
CUST_04633,8,11,539538.5,5,4,5,14,Champions
CUST_04634,248,9,210617.5,1,3,3,7,Potential Loyalists
CUST_04635,74,13,247461.37,2,5,4,11,Loyal Customers
CUST_04636,66,8,112513.47,3,2,2,7,Potential Loyalists
CUST_04637,19,9,406500.97,4,3,5,12,Loyal Customers
CUST_04638,17,9,112306.64,5,3,2,10,Loyal Customers
CUST_04639,80,8,27102.02,2,2,1,5,Lost
CUST_04640,3,8,47163.09,5,2,1,8,Promising
CUST_04641,78,3,39836.92,2,1,1,4,Lost
CUST_04642,7,12,416497.07,5,4,5,14,Champions
CUST_04643,135,9,19398.95,1,3,1,5,Potential Loyalists
CUST_04644,73,7,136358.43,2,2,2,6,Lost
CUST_04645,73,12,424357.54,2,4,5,11,Loyal Customers
CUST_04646,84,8,157471.44,2,2,2,6,Lost
CUST_04647,7,7,93211.21,5,2,1,8,Promising
CUST_04648,17,9,184099.72,5,3,3,11,Loyal Customers
CUST_04649,9,15,352009.23000000004,5,5,5,15,Champions
CUST_04650,14,10,346646.27,5,3,5,13,Champions
CUST_04651,14,12,163983.65,5,4,3,12,Loyal Customers
CUST_04652,2,12,201709.37,5,4,3,12,Loyal Customers
CUST_04653,74,9,113640.37999999999,2,3,2,7,Potential Loyalists
CUST_04654,6,11,208974.54,5,4,3,12,Loyal Customers
CUST_04655,25,8,102987.49,4,2,2,8,Promising
CUST_04656,48,11,259837.26,3,4,4,11,Loyal Customers
CUST_04657,115,8,173107.81,2,2,3,7,Lost
CUST_04658,63,8,245752.38,3,2,4,9,Potential Loyalists
CUST_04659,266,10,176406.90000000002,1,3,3,7,Potential Loyalists
CUST_04660,139,6,175041.0,1,1,3,5,Lost
CUST_04661,39,6,53576.6,3,1,1,5,Potential Loyalists
CUST_04662,143,11,166417.67,1,4,3,8,At Risk
CUST_04663,23,17,571269.78,4,5,5,14,Champions
CUST_04664,44,7,178197.02000000002,3,2,3,8,Potential Loyalists
CUST_04665,205,7,90454.84999999999,1,2,1,4,Lost
CUST_04666,328,7,270121.24,1,2,4,7,Lost
CUST_04667,161,10,639624.43,1,3,5,9,Potential Loyalists
CUST_04668,63,4,63287.81,3,1,1,5,Potential Loyalists
CUST_04669,39,6,197517.96,3,1,3,7,Potential Loyalists
CUST_04670,59,14,209360.97,3,5,3,11,Loyal Customers
CUST_04671,17,10,192180.47,5,3,3,11,Loyal Customers
CUST_04672,124,9,69890.23,1,3,1,5,Potential Loyalists
CUST_04673,27,13,141124.42,4,5,2,11,Loyal Customers
CUST_04674,7,9,71274.48,5,3,1,9,Potential Loyalists
CUST_04675,103,9,58704.619999999995,2,3,1,6,Potential Loyalists
CUST_04676,39,9,669301.54,3,3,5,11,Loyal Customers
CUST_04677,123,13,243980.03,1,5,4,10,Loyal Customers
CUST_04678,42,11,273313.33999999997,3,4,4,11,Loyal Customers
CUST_04679,48,16,627385.5900000001,3,5,5,13,Champions
CUST_04680,59,8,341620.64999999997,3,2,5,10,Loyal Customers
CUST_04681,23,14,250009.62,4,5,4,13,Champions
CUST_04682,59,9,264205.71,3,3,4,10,Loyal Customers
CUST_04683,22,15,176246.09,4,5,3,12,Loyal Customers
CUST_04684,15,13,370253.78,5,5,5,15,Champions
CUST_04685,12,11,177738.47,5,4,3,12,Loyal Customers
CUST_04686,7,11,216205.73,5,4,3,12,Loyal Customers
CUST_04687,42,11,157720.07,3,4,2,9,Potential Loyalists
CUST_04688,21,11,323442.57,4,4,4,12,Loyal Customers
CUST_04689,40,6,205265.84,3,1,3,7,Potential Loyalists
CUST_04690,23,9,330006.48,4,3,4,11,Loyal Customers
CUST_04691,60,13,461187.43,3,5,5,13,Champions
CUST_04692,40,12,302069.36,3,4,4,11,Loyal Customers
CUST_04693,127,8,89422.13,1,2,1,4,Lost
CUST_04694,57,10,455134.58999999997,3,3,5,11,Loyal Customers
CUST_04695,80,6,211122.38,2,1,3,6,Lost
CUST_04696,2,11,328663.02999999997,5,4,4,13,Champions
CUST_04697,88,12,183855.7,2,4,3,9,At Risk
CUST_04698,36,7,91663.94,4,2,1,7,Promising
CUST_04699,124,8,230875.63,1,2,3,6,Lost
CUST_04700,3,19,628385.7,5,5,5,15,Champions
CUST_04701,29,11,252879.16,4,4,4,12,Loyal Customers
CUST_04702,20,11,213579.29,4,4,3,11,Loyal Customers
CUST_04703,77,12,316014.04,2,4,4,10,Loyal Customers
CUST_04704,45,12,403094.59,3,4,5,12,Loyal Customers
CUST_04705,19,16,271269.35000000003,4,5,4,13,Champions
CUST_04706,161,10,248544.53,1,3,4,8,Potential Loyalists
CUST_04707,25,8,133278.02,4,2,2,8,Promising
CUST_04708,23,17,603982.13,4,5,5,14,Champions
CUST_04709,123,8,41462.71,1,2,1,4,Lost
CUST_04710,244,4,206315.25,1,1,3,5,Lost
CUST_04711,169,9,277512.43,1,3,4,8,Potential Loyalists
CUST_04712,23,5,21935.78,4,1,1,6,Promising
CUST_04713,7,8,172271.86000000002,5,2,3,10,Loyal Customers
CUST_04714,23,9,137354.57,4,3,2,9,Potential Loyalists
CUST_04715,62,15,252135.84,3,5,4,12,Loyal Customers
CUST_04716,84,13,100926.8,2,5,2,9,At Risk
CUST_04717,37,10,243353.33000000002,4,3,4,11,Loyal Customers
CUST_04718,93,13,152739.64,2,5,2,9,At Risk
CUST_04719,76,7,204559.94999999998,2,2,3,7,Lost
CUST_04720,100,8,74346.79000000001,2,2,1,5,Lost
CUST_04721,18,15,247516.03,4,5,4,13,Champions
CUST_04722,102,11,287048.44,2,4,4,10,Loyal Customers
CUST_04723,67,11,336158.69,3,4,5,12,Loyal Customers
CUST_04724,18,14,366635.1,4,5,5,14,Champions
CUST_04725,153,14,146114.41,1,5,2,8,At Risk
CUST_04726,83,13,137774.82,2,5,2,9,At Risk
CUST_04727,89,6,12914.0,2,1,1,4,Lost
CUST_04728,483,2,70535.39,1,1,1,3,Lost
CUST_04729,19,11,112107.35,4,4,2,10,Loyal Customers
CUST_04730,114,11,165992.56,2,4,3,9,At Risk
CUST_04731,329,4,45887.369999999995,1,1,1,3,Lost
CUST_04732,133,11,267928.58,1,4,4,9,At Risk
CUST_04733,18,9,328559.73,4,3,4,11,Loyal Customers
CUST_04734,69,12,90141.76,2,4,1,7,At Risk
CUST_04735,7,17,338150.12,5,5,5,15,Champions
CUST_04736,10,8,337921.7,5,2,5,12,Loyal Customers
CUST_04737,3,16,310781.9,5,5,4,14,Champions
CUST_04738,103,8,192078.0,2,2,3,7,Lost
CUST_04739,68,11,191402.38999999998,2,4,3,9,At Risk
CUST_04740,104,6,118789.31,2,1,2,5,Lost
CUST_04741,59,12,169917.37,3,4,3,10,Loyal Customers
CUST_04742,3,7,72037.58,5,2,1,8,Promising
CUST_04743,25,11,170252.55,4,4,3,11,Loyal Customers
CUST_04744,150,7,85373.78,1,2,1,4,Lost
CUST_04745,71,14,212021.05000000002,2,5,3,10,Loyal Customers
CUST_04746,108,14,426560.81,2,5,5,12,Loyal Customers
CUST_04747,26,10,314769.46,4,3,4,11,Loyal Customers
CUST_04748,117,7,178073.30000000002,2,2,3,7,Lost
CUST_04749,170,8,268699.61,1,2,4,7,Lost
CUST_04750,39,11,70497.68000000001,3,4,1,8,Potential Loyalists
CUST_04751,157,13,411628.58,1,5,5,11,Loyal Customers
CUST_04752,307,7,24708.78,1,2,1,4,Lost
CUST_04753,11,6,52683.17,5,1,1,7,Promising
CUST_04754,34,9,281341.37,4,3,4,11,Loyal Customers
CUST_04755,136,9,123198.76000000001,1,3,2,6,Potential Loyalists
CUST_04756,17,13,230275.99000000002,5,5,3,13,Champions
CUST_04757,73,10,62169.84,2,3,1,6,Potential Loyalists
CUST_04758,87,13,57871.69,2,5,1,8,At Risk
CUST_04759,42,9,199087.4,3,3,3,9,Potential Loyalists
CUST_04760,47,8,54193.22,3,2,1,6,Potential Loyalists
CUST_04761,42,5,236400.24,3,1,4,8,Potential Loyalists
CUST_04762,23,12,162863.29,4,4,3,11,Loyal Customers
CUST_04763,148,8,292802.04,1,2,4,7,Lost
CUST_04764,32,15,418613.68,4,5,5,14,Champions
CUST_04765,16,8,96822.57,5,2,1,8,Promising
CUST_04766,68,9,95193.18000000001,2,3,1,6,Potential Loyalists
CUST_04767,65,7,107483.7,3,2,2,7,Potential Loyalists
CUST_04768,20,6,91523.35999999999,4,1,1,6,Promising
CUST_04769,57,9,115809.7,3,3,2,8,Potential Loyalists
CUST_04770,22,6,77165.68,4,1,1,6,Promising
CUST_04771,104,8,113709.42000000001,2,2,2,6,Lost
CUST_04772,7,12,195606.47,5,4,3,12,Loyal Customers
CUST_04773,25,9,155295.76,4,3,2,9,Potential Loyalists
CUST_04774,102,12,423312.64,2,4,5,11,Loyal Customers
CUST_04775,3,11,272243.33,5,4,4,13,Champions
CUST_04776,4,11,56510.86,5,4,1,10,Loyal Customers
CUST_04777,59,7,42729.44,3,2,1,6,Potential Loyalists
CUST_04778,9,10,368730.27,5,3,5,13,Champions
CUST_04779,100,9,537069.2100000001,2,3,5,10,Loyal Customers
CUST_04780,32,8,188515.74,4,2,3,9,Promising
CUST_04781,11,7,135510.68,5,2,2,9,Promising
CUST_04782,12,9,306044.93,5,3,4,12,Loyal Customers
CUST_04783,175,6,40542.27,1,1,1,3,Lost
CUST_04784,108,6,186928.27000000002,2,1,3,6,Lost
CUST_04785,28,5,196521.96000000002,4,1,3,8,Promising
CUST_04786,37,10,139925.17,4,3,2,9,Potential Loyalists
CUST_04787,246,8,237414.79,1,2,4,7,Lost
CUST_04788,14,8,180881.07,5,2,3,10,Loyal Customers
CUST_04789,96,15,344059.44,2,5,5,12,Loyal Customers
CUST_04790,12,9,116145.54000000001,5,3,2,10,Loyal Customers
CUST_04791,24,4,97843.18,4,1,1,6,Promising
CUST_04792,33,13,232928.21,4,5,4,13,Champions
CUST_04793,15,11,289384.72000000003,5,4,4,13,Champions
CUST_04794,17,8,60625.65,5,2,1,8,Promising
CUST_04795,166,5,114733.37,1,1,2,4,Lost
CUST_04796,53,15,423162.39,3,5,5,13,Champions
CUST_04797,74,19,401919.95999999996,2,5,5,12,Loyal Customers
CUST_04798,4,14,155771.09,5,5,2,12,Loyal Customers
CUST_04799,2,13,78662.85,5,5,1,11,Loyal Customers
CUST_04800,28,12,210600.35,4,4,3,11,Loyal Customers
CUST_04801,47,5,83502.57,3,1,1,5,Potential Loyalists
CUST_04802,91,16,283892.22000000003,2,5,4,11,Loyal Customers
CUST_04803,144,9,312480.87,1,3,4,8,Potential Loyalists
CUST_04804,16,13,500807.03,5,5,5,15,Champions
CUST_04805,410,7,50228.93,1,2,1,4,Lost
CUST_04806,120,10,103168.94,1,3,2,6,Potential Loyalists
CUST_04807,55,7,42845.990000000005,3,2,1,6,Potential Loyalists
CUST_04808,43,13,199962.56,3,5,3,11,Loyal Customers
CUST_04809,18,15,183389.48,4,5,3,12,Loyal Customers
CUST_04810,5,9,236652.82,5,3,4,12,Loyal Customers
CUST_04811,40,9,332015.14,3,3,4,10,Loyal Customers
CUST_04812,122,15,226584.38,1,5,3,9,At Risk
CUST_04813,120,10,292734.83,1,3,4,8,Potential Loyalists
CUST_04814,137,10,163988.03,1,3,3,7,Potential Loyalists
CUST_04815,111,8,230352.84,2,2,3,7,Lost
CUST_04816,8,4,14947.66,5,1,1,7,Promising
CUST_04817,25,9,81033.43,4,3,1,8,Potential Loyalists
CUST_04818,48,9,89675.25,3,3,1,7,Potential Loyalists
CUST_04819,30,10,190131.1,4,3,3,10,Loyal Customers
CUST_04820,132,10,268100.12,1,3,4,8,Potential Loyalists
CUST_04821,49,9,84072.9,3,3,1,7,Potential Loyalists
CUST_04822,63,13,365658.85000000003,3,5,5,13,Champions
CUST_04823,31,8,214685.75,4,2,3,9,Promising
CUST_04824,194,8,173913.53,1,2,3,6,Lost
CUST_04825,28,14,287074.33,4,5,4,13,Champions
CUST_04826,49,10,247759.73,3,3,4,10,Loyal Customers
CUST_04827,180,10,544625.88,1,3,5,9,Potential Loyalists
CUST_04828,49,8,107683.56999999999,3,2,2,7,Potential Loyalists
CUST_04829,2,8,168146.07,5,2,3,10,Loyal Customers
CUST_04830,19,15,716339.4700000001,4,5,5,14,Champions
CUST_04831,47,9,199325.72,3,3,3,9,Potential Loyalists
CUST_04832,49,7,83276.41,3,2,1,6,Potential Loyalists
CUST_04833,239,9,102443.16,1,3,2,6,Potential Loyalists
CUST_04834,125,10,105213.4,1,3,2,6,Potential Loyalists
CUST_04835,37,13,276772.5,4,5,4,13,Champions
CUST_04836,76,10,106367.73,2,3,2,7,Potential Loyalists
CUST_04837,11,11,210382.85,5,4,3,12,Loyal Customers
CUST_04838,296,10,223410.39,1,3,3,7,Potential Loyalists
CUST_04839,18,7,39102.35,4,2,1,7,Promising
CUST_04840,26,15,348518.64999999997,4,5,5,14,Champions
CUST_04841,12,9,218463.42,5,3,3,11,Loyal Customers
CUST_04842,25,6,112065.22,4,1,2,7,Promising
CUST_04843,252,7,167600.34,1,2,3,6,Lost
CUST_04844,281,4,34193.57,1,1,1,3,Lost
CUST_04845,35,10,274654.38,4,3,4,11,Loyal Customers
CUST_04846,12,4,234901.61,5,1,4,10,Loyal Customers
CUST_04847,158,5,105090.3,1,1,2,4,Lost
CUST_04848,3,13,391839.25,5,5,5,15,Champions
CUST_04849,26,5,187102.56000000003,4,1,3,8,Promising
CUST_04850,52,6,171567.82,3,1,3,7,Potential Loyalists
CUST_04851,15,10,299977.26,5,3,4,12,Loyal Customers
CUST_04852,18,12,282244.70999999996,4,4,4,12,Loyal Customers
CUST_04853,80,7,100852.86,2,2,2,6,Lost
CUST_04854,151,10,381227.66,1,3,5,9,Potential Loyalists
CUST_04855,32,11,144083.35,4,4,2,10,Loyal Customers
CUST_04856,11,7,63888.48,5,2,1,8,Promising
CUST_04857,106,3,96855.6,2,1,1,4,Lost
CUST_04858,101,9,303018.85,2,3,4,9,Potential Loyalists
CUST_04859,30,14,602282.77,4,5,5,14,Champions
CUST_04860,37,8,117507.73000000001,4,2,2,8,Promising
CUST_04861,49,9,42953.04,3,3,1,7,Potential Loyalists
CUST_04862,123,6,109005.72,1,1,2,4,Lost
CUST_04863,312,7,64880.1,1,2,1,4,Lost
CUST_04864,14,9,131529.62,5,3,2,10,Loyal Customers
CUST_04865,1,8,297391.75,5,2,4,11,Loyal Customers
CUST_04866,53,18,407238.39999999997,3,5,5,13,Champions
CUST_04867,28,6,19201.47,4,1,1,6,Promising
CUST_04868,24,9,439073.61,4,3,5,12,Loyal Customers
CUST_04869,74,11,374866.8,2,4,5,11,Loyal Customers
CUST_04870,33,7,35085.9,4,2,1,7,Promising
CUST_04871,34,12,155323.04,4,4,2,10,Loyal Customers
CUST_04872,72,11,282552.24,2,4,4,10,Loyal Customers
CUST_04873,27,8,45437.909999999996,4,2,1,7,Promising
CUST_04874,97,12,545235.48,2,4,5,11,Loyal Customers
CUST_04875,5,8,140651.73,5,2,2,9,Promising
CUST_04876,87,6,215593.16,2,1,3,6,Lost
CUST_04877,73,7,83178.03,2,2,1,5,Lost
CUST_04878,61,10,282838.08999999997,3,3,4,10,Loyal Customers
CUST_04879,54,8,233037.63,3,2,4,9,Potential Loyalists
CUST_04880,15,11,381602.47000000003,5,4,5,14,Champions
CUST_04881,79,8,120071.92,2,2,2,6,Lost
CUST_04882,17,12,143225.2,5,4,2,11,Loyal Customers
CUST_04883,77,10,160553.84,2,3,3,8,Potential Loyalists
CUST_04884,5,12,79529.91,5,4,1,10,Loyal Customers
CUST_04885,80,12,270359.67,2,4,4,10,Loyal Customers
CUST_04886,97,9,221286.83,2,3,3,8,Potential Loyalists
CUST_04887,142,12,125488.28,1,4,2,7,At Risk
CUST_04888,30,6,46159.78,4,1,1,6,Promising
CUST_04889,144,11,73442.86,1,4,1,6,At Risk
CUST_04890,51,9,66760.72,3,3,1,7,Potential Loyalists
CUST_04891,118,10,54599.020000000004,2,3,1,6,Potential Loyalists
CUST_04892,46,10,125405.72,3,3,2,8,Potential Loyalists
CUST_04893,12,10,428336.24,5,3,5,13,Champions
CUST_04894,45,12,209532.62,3,4,3,10,Loyal Customers
CUST_04895,6,13,157510.43,5,5,2,12,Loyal Customers
CUST_04896,75,6,248095.83000000002,2,1,4,7,Lost
CUST_04897,261,6,110720.47,1,1,2,4,Lost
CUST_04898,97,6,85755.39,2,1,1,4,Lost
CUST_04899,267,7,171137.72,1,2,3,6,Lost
CUST_04900,37,10,123910.1,4,3,2,9,Potential Loyalists
CUST_04901,22,12,200120.29,4,4,3,11,Loyal Customers
CUST_04902,1,10,196435.61,5,3,3,11,Loyal Customers
CUST_04903,36,10,80609.69,4,3,1,8,Potential Loyalists
CUST_04904,173,4,232240.75,1,1,4,6,Lost
CUST_04905,12,9,851784.64,5,3,5,13,Champions
CUST_04906,197,6,193170.49000000002,1,1,3,5,Lost
CUST_04907,197,4,17943.170000000002,1,1,1,3,Lost
CUST_04908,173,11,132589.57,1,4,2,7,At Risk
CUST_04909,89,10,169022.32,2,3,3,8,Potential Loyalists
CUST_04910,202,7,143037.82,1,2,2,5,Lost
CUST_04911,14,14,207681.93,5,5,3,13,Champions
CUST_04912,146,8,177532.63,1,2,3,6,Lost
CUST_04913,37,11,97497.48999999999,4,4,1,9,Potential Loyalists
CUST_04914,21,15,203257.31,4,5,3,12,Loyal Customers
CUST_04915,24,7,171330.36000000002,4,2,3,9,Promising
CUST_04916,1,10,123333.28,5,3,2,10,Loyal Customers
CUST_04917,247,7,158945.63,1,2,2,5,Lost
CUST_04918,51,10,143950.19,3,3,2,8,Potential Loyalists
CUST_04919,46,12,266904.48,3,4,4,11,Loyal Customers
CUST_04920,46,10,142786.62,3,3,2,8,Potential Loyalists
CUST_04921,9,8,292247.88,5,2,4,11,Loyal Customers
CUST_04922,24,10,276034.01999999996,4,3,4,11,Loyal Customers
CUST_04923,342,5,135808.41,1,1,2,4,Lost
CUST_04924,2,8,269481.93,5,2,4,11,Loyal Customers
CUST_04925,305,9,30966.57,1,3,1,5,Potential Loyalists
CUST_04926,20,10,132144.89,4,3,2,9,Potential Loyalists
CUST_04927,294,11,598867.53,1,4,5,10,Loyal Customers
CUST_04928,72,12,415760.98,2,4,5,11,Loyal Customers
CUST_04929,82,13,568903.87,2,5,5,12,Loyal Customers
CUST_04930,146,10,337140.82,1,3,5,9,Potential Loyalists
CUST_04931,153,9,291319.31,1,3,4,8,Potential Loyalists
CUST_04932,13,9,237754.84999999998,5,3,4,12,Loyal Customers
CUST_04933,25,10,95152.83,4,3,1,8,Potential Loyalists
CUST_04934,63,8,315830.35,3,2,4,9,Potential Loyalists
CUST_04935,382,5,230188.65000000002,1,1,3,5,Lost
CUST_04936,46,9,119504.04000000001,3,3,2,8,Potential Loyalists
CUST_04937,170,6,69415.88,1,1,1,3,Lost
CUST_04938,53,10,227688.75999999998,3,3,3,9,Potential Loyalists
CUST_04939,7,11,98580.66,5,4,1,10,Loyal Customers
CUST_04940,6,9,87852.04,5,3,1,9,Potential Loyalists
CUST_04941,117,13,128211.35,2,5,2,9,At Risk
CUST_04942,3,11,185736.08000000002,5,4,3,12,Loyal Customers
CUST_04943,7,15,333833.52999999997,5,5,5,15,Champions
CUST_04944,39,12,276508.19,3,4,4,11,Loyal Customers
CUST_04945,12,13,369720.66000000003,5,5,5,15,Champions
CUST_04946,34,11,382570.46,4,4,5,13,Champions
CUST_04947,54,10,51084.89,3,3,1,7,Potential Loyalists
CUST_04948,233,9,270639.71,1,3,4,8,Potential Loyalists
CUST_04949,12,13,175370.56,5,5,3,13,Champions
CUST_04950,175,9,325951.45,1,3,4,8,Potential Loyalists
CUST_04951,39,13,65420.88,3,5,1,9,Potential Loyalists
CUST_04952,265,3,73704.81999999999,1,1,1,3,Lost
CUST_04953,169,6,119812.57999999999,1,1,2,4,Lost
CUST_04954,309,8,144653.51,1,2,2,5,Lost
CUST_04955,81,10,360099.80000000005,2,3,5,10,Loyal Customers
CUST_04956,100,14,232450.18,2,5,4,11,Loyal Customers
CUST_04957,28,13,504122.7,4,5,5,14,Champions
CUST_04958,122,7,120494.55,1,2,2,5,Lost
CUST_04959,32,6,131558.90999999997,4,1,2,7,Promising
CUST_04960,39,12,419375.69000000006,3,4,5,12,Loyal Customers
CUST_04961,23,12,221688.47999999998,4,4,3,11,Loyal Customers
CUST_04962,13,12,96942.84,5,4,1,10,Loyal Customers
CUST_04963,227,10,224698.25,1,3,3,7,Potential Loyalists
CUST_04964,18,12,142583.14,4,4,2,10,Loyal Customers
CUST_04965,68,9,296969.56,2,3,4,9,Potential Loyalists
CUST_04966,2,8,320958.15,5,2,4,11,Loyal Customers
CUST_04967,68,7,184270.0,2,2,3,7,Lost
CUST_04968,106,11,278615.05,2,4,4,10,Loyal Customers
CUST_04969,76,8,305828.98,2,2,4,8,Lost
CUST_04970,28,16,191297.4,4,5,3,12,Loyal Customers
CUST_04971,140,5,138372.62,1,1,2,4,Lost
CUST_04972,104,9,156553.32,2,3,2,7,Potential Loyalists
CUST_04973,42,7,110079.1,3,2,2,7,Potential Loyalists
CUST_04974,12,11,95762.65,5,4,1,10,Loyal Customers
CUST_04975,49,13,364766.20999999996,3,5,5,13,Champions
CUST_04976,10,9,201965.03,5,3,3,11,Loyal Customers
CUST_04977,246,9,157638.48,1,3,2,6,Potential Loyalists
CUST_04978,48,7,136351.61,3,2,2,7,Potential Loyalists
CUST_04979,128,6,147841.82,1,1,2,4,Lost
CUST_04980,67,6,35797.28,3,1,1,5,Potential Loyalists
CUST_04981,54,10,509150.74,3,3,5,11,Loyal Customers
CUST_04982,74,11,84972.95,2,4,1,7,At Risk
CUST_04983,214,5,53891.41,1,1,1,3,Lost
CUST_04984,56,11,163544.04,3,4,3,10,Loyal Customers
CUST_04985,9,10,173367.44,5,3,3,11,Loyal Customers
CUST_04986,39,13,127893.07,3,5,2,10,Loyal Customers
CUST_04987,248,6,151852.67,1,1,2,4,Lost
CUST_04988,19,15,180865.82,4,5,3,12,Loyal Customers
CUST_04989,57,12,264381.20999999996,3,4,4,11,Loyal Customers
CUST_04990,61,12,125430.37,3,4,2,9,Potential Loyalists
CUST_04991,70,9,220543.4,2,3,3,8,Potential Loyalists
CUST_04992,30,10,196324.68999999997,4,3,3,10,Loyal Customers
CUST_04993,16,10,210331.56,5,3,3,11,Loyal Customers
CUST_04994,7,12,341255.3,5,4,5,14,Champions
CUST_04995,33,10,226580.84,4,3,3,10,Loyal Customers
CUST_04996,82,10,77041.4,2,3,1,6,Potential Loyalists
CUST_04997,166,8,438732.64999999997,1,2,5,8,Lost
CUST_04998,17,10,432707.55,5,3,5,13,Champions
CUST_04999,102,5,102955.67000000001,2,1,2,5,Lost
CUST_05000,14,13,294044.06,5,5,4,14,Champions
